{
"__comment": "Designed by Tachibana with BDcraft Cubik PRO 0.93 Beta - http://bdcraft.net",
"textures": {
    "umbrella": "#umbrella",
    "axis1": "#axis1",
    "axis2": "#axis2"
},
"elements": [ 
{
    "__comment": "axis1*",
    "from": [ 6.95, -12.1, 6.95 ],
    "to": [ 9.05, 25.7, 9.05 ],
    "faces": {
        "down":  { "uv": [ 8.3125, 8.3125, 7.625, 7.625 ], "texture": "#axis1" },
        "up":    { "uv": [ 7.625, 7.625, 8.3125, 8.3125 ], "texture": "#axis1" },
        "north": { "uv": [ 1.5, 0, 2.5, 16 ], "texture": "#axis1" },
        "south": { "uv": [ 1.5, 0, 2.5, 16 ], "texture": "#axis1" },
        "west":  { "uv": [ 1.5, 0, 2.5, 16 ], "texture": "#axis1" },
        "east":  { "uv": [ 1.5, 0, 2.5, 16 ], "texture": "#axis1" }
    }
},
{
    "__comment": "base1*",
    "from": [ -15.1, 14.15, -0.4 ],
    "to": [ -13, 15.2, 16.4 ],
    "faces": {
        "down":  { "uv": [ 15.7, 10.8, 15, 5.2 ], "texture": "#umbrella" },
        "up":    { "uv": [ 0.3, 5.2, 1, 10.8 ], "texture": "#umbrella" },
        "north": { "uv": [ 15, 7.6, 15.7, 7.95 ], "texture": "#umbrella" },
        "south": { "uv": [ 0.3, 7.6, 1, 7.95 ], "texture": "#umbrella" },
        "west":  { "uv": [ 5.2, 7.6, 10.8, 7.95 ], "texture": "#umbrella" },
        "east":  { "uv": [ 5.2, 7.6, 10.8, 7.95 ], "texture": "#umbrella" }
    }
},
{
    "__comment": "base1*",
    "from": [ -13, 14.15, -6.7 ],
    "to": [ -10.9, 15.2, 1.7 ],
    "faces": {
        "down":  { "uv": [ 15, 5.9, 14.3, 3.1 ], "texture": "#umbrella" },
        "up":    { "uv": [ 1, 3.1, 1.7, 5.9 ], "texture": "#umbrella" },
        "north": { "uv": [ 14.3, 7.6, 15, 7.95 ], "texture": "#umbrella" },
        "south": { "uv": [ 1, 7.6, 1.7, 7.95 ], "texture": "#umbrella" },
        "west":  { "uv": [ 3.1, 7.6, 5.9, 7.95 ], "texture": "#umbrella" },
        "east":  { "uv": [ 10.1, 7.6, 12.9, 7.95 ], "texture": "#umbrella" }
    }
},
{
    "__comment": "base1*",
    "from": [ -0.4, 14.15, -15.1 ],
    "to": [ 16.4, 15.2, -13 ],
    "faces": {
        "down":  { "uv": [ 10.8, 1, 5.2, 0.3 ], "texture": "#umbrella" },
        "up":    { "uv": [ 5.2, 0.3, 10.8, 1 ], "texture": "#umbrella" },
        "north": { "uv": [ 5.2, 7.6, 10.8, 7.95 ], "texture": "#umbrella" },
        "south": { "uv": [ 5.2, 7.6, 10.8, 7.95 ], "texture": "#umbrella" },
        "west":  { "uv": [ 0.3, 7.6, 1, 7.95 ], "texture": "#umbrella" },
        "east":  { "uv": [ 15, 7.6, 15.7, 7.95 ], "texture": "#umbrella" }
    }
},
{
    "__comment": "base1*",
    "from": [ -6.7, 14.15, -13 ],
    "to": [ 1.7, 15.2, -10.9 ],
    "faces": {
        "down":  { "uv": [ 12.9, 1.7, 10.1, 1 ], "texture": "#umbrella" },
        "up":    { "uv": [ 3.1, 1, 5.9, 1.7 ], "texture": "#umbrella" },
        "north": { "uv": [ 10.1, 7.6, 12.9, 7.95 ], "texture": "#umbrella" },
        "south": { "uv": [ 3.1, 7.6, 5.9, 7.95 ], "texture": "#umbrella" },
        "west":  { "uv": [ 1, 7.6, 1.7, 7.95 ], "texture": "#umbrella" },
        "east":  { "uv": [ 14.3, 7.6, 15, 7.95 ], "texture": "#umbrella" }
    }
},
{
    "__comment": "base1*",
    "from": [ -8.8, 14.15, -10.9 ],
    "to": [ -4.6, 15.2, -8.8 ],
    "faces": {
        "down":  { "uv": [ 13.6, 2.4, 12.2, 1.7 ], "texture": "#umbrella" },
        "up":    { "uv": [ 2.4, 1.7, 3.8, 2.4 ], "texture": "#umbrella" },
        "north": { "uv": [ 12.2, 7.6, 13.6, 7.95 ], "texture": "#umbrella" },
        "south": { "uv": [ 2.4, 7.6, 3.8, 7.95 ], "texture": "#umbrella" },
        "west":  { "uv": [ 1.7, 7.6, 2.4, 7.95 ], "texture": "#umbrella" },
        "east":  { "uv": [ 13.6, 7.6, 14.3, 7.95 ], "texture": "#umbrella" }
    }
},
{
    "__comment": "base1*",
    "from": [ -10.9, 14.15, -8.8 ],
    "to": [ -6.7, 15.2, -6.7 ],
    "faces": {
        "down":  { "uv": [ 14.3, 3.1, 12.9, 2.4 ], "texture": "#umbrella" },
        "up":    { "uv": [ 1.7, 2.4, 3.1, 3.1 ], "texture": "#umbrella" },
        "north": { "uv": [ 12.9, 7.6, 14.3, 7.95 ], "texture": "#umbrella" },
        "south": { "uv": [ 1.7, 7.6, 3.1, 7.95 ], "texture": "#umbrella" },
        "west":  { "uv": [ 2.4, 7.6, 3.1, 7.95 ], "texture": "#umbrella" },
        "east":  { "uv": [ 12.9, 7.6, 13.6, 7.95 ], "texture": "#umbrella" }
    }
},
{
    "__comment": "base1*",
    "from": [ -10.9, 14.15, -6.7 ],
    "to": [ -8.8, 15.2, -4.6 ],
    "faces": {
        "down":  { "uv": [ 14.3, 3.8, 13.6, 3.1 ], "texture": "#umbrella" },
        "up":    { "uv": [ 1.7, 3.1, 2.4, 3.8 ], "texture": "#umbrella" },
        "north": { "uv": [ 13.6, 7.6, 14.3, 7.95 ], "texture": "#umbrella" },
        "south": { "uv": [ 1.7, 7.6, 2.4, 7.95 ], "texture": "#umbrella" },
        "west":  { "uv": [ 3.1, 7.6, 3.8, 7.95 ], "texture": "#umbrella" },
        "east":  { "uv": [ 12.2, 7.6, 12.9, 7.95 ], "texture": "#umbrella" }
    }
},
{
    "__comment": "base1*",
    "from": [ 14.3, 14.15, -13 ],
    "to": [ 22.7, 15.2, -10.9 ],
    "faces": {
        "down":  { "uv": [ 5.9, 1.7, 3.1, 1 ], "texture": "#umbrella" },
        "up":    { "uv": [ 10.1, 1, 12.9, 1.7 ], "texture": "#umbrella" },
        "north": { "uv": [ 3.1, 7.6, 5.9, 7.95 ], "texture": "#umbrella" },
        "south": { "uv": [ 10.1, 7.6, 12.9, 7.95 ], "texture": "#umbrella" },
        "west":  { "uv": [ 1, 7.6, 1.7, 7.95 ], "texture": "#umbrella" },
        "east":  { "uv": [ 14.3, 7.6, 15, 7.95 ], "texture": "#umbrella" }
    }
},
{
    "__comment": "base1*",
    "from": [ 29, 14.15, -0.4 ],
    "to": [ 31.1, 15.2, 16.4 ],
    "faces": {
        "down":  { "uv": [ 1, 10.8, 0.3, 5.2 ], "texture": "#umbrella" },
        "up":    { "uv": [ 15, 5.2, 15.7, 10.8 ], "texture": "#umbrella" },
        "north": { "uv": [ 0.3, 7.6, 1, 7.95 ], "texture": "#umbrella" },
        "south": { "uv": [ 15, 7.6, 15.7, 7.95 ], "texture": "#umbrella" },
        "west":  { "uv": [ 5.2, 7.6, 10.8, 7.95 ], "texture": "#umbrella" },
        "east":  { "uv": [ 5.2, 7.6, 10.8, 7.95 ], "texture": "#umbrella" }
    }
},
{
    "__comment": "base1*",
    "from": [ 26.9, 14.15, -6.7 ],
    "to": [ 29, 15.2, 1.7 ],
    "faces": {
        "down":  { "uv": [ 1.7, 5.9, 1, 3.1 ], "texture": "#umbrella" },
        "up":    { "uv": [ 14.3, 3.1, 15, 5.9 ], "texture": "#umbrella" },
        "north": { "uv": [ 1, 7.6, 1.7, 7.95 ], "texture": "#umbrella" },
        "south": { "uv": [ 14.3, 7.6, 15, 7.95 ], "texture": "#umbrella" },
        "west":  { "uv": [ 3.1, 7.6, 5.9, 7.95 ], "texture": "#umbrella" },
        "east":  { "uv": [ 10.1, 7.6, 12.9, 7.95 ], "texture": "#umbrella" }
    }
},
{
    "__comment": "base1*",
    "from": [ 24.8, 14.15, -8.8 ],
    "to": [ 26.9, 15.2, -4.6 ],
    "faces": {
        "down":  { "uv": [ 2.4, 3.8, 1.7, 2.4 ], "texture": "#umbrella" },
        "up":    { "uv": [ 13.6, 2.4, 14.3, 3.8 ], "texture": "#umbrella" },
        "north": { "uv": [ 1.7, 7.6, 2.4, 7.95 ], "texture": "#umbrella" },
        "south": { "uv": [ 13.6, 7.6, 14.3, 7.95 ], "texture": "#umbrella" },
        "west":  { "uv": [ 2.4, 7.6, 3.8, 7.95 ], "texture": "#umbrella" },
        "east":  { "uv": [ 12.2, 7.6, 13.6, 7.95 ], "texture": "#umbrella" }
    }
},
{
    "__comment": "base1*",
    "from": [ 22.7, 14.15, -10.9 ],
    "to": [ 24.8, 15.2, -6.7 ],
    "faces": {
        "down":  { "uv": [ 3.1, 3.1, 2.4, 1.7 ], "texture": "#umbrella" },
        "up":    { "uv": [ 12.9, 1.7, 13.6, 3.1 ], "texture": "#umbrella" },
        "north": { "uv": [ 2.4, 7.6, 3.1, 7.95 ], "texture": "#umbrella" },
        "south": { "uv": [ 12.9, 7.6, 13.6, 7.95 ], "texture": "#umbrella" },
        "west":  { "uv": [ 1.7, 7.6, 3.1, 7.95 ], "texture": "#umbrella" },
        "east":  { "uv": [ 12.9, 7.6, 14.3, 7.95 ], "texture": "#umbrella" }
    }
},
{
    "__comment": "base1*",
    "from": [ 20.6, 14.15, -10.9 ],
    "to": [ 22.7, 15.2, -8.8 ],
    "faces": {
        "down":  { "uv": [ 3.8, 2.4, 3.1, 1.7 ], "texture": "#umbrella" },
        "up":    { "uv": [ 12.2, 1.7, 12.9, 2.4 ], "texture": "#umbrella" },
        "north": { "uv": [ 3.1, 7.6, 3.8, 7.95 ], "texture": "#umbrella" },
        "south": { "uv": [ 12.2, 7.6, 12.9, 7.95 ], "texture": "#umbrella" },
        "west":  { "uv": [ 1.7, 7.6, 2.4, 7.95 ], "texture": "#umbrella" },
        "east":  { "uv": [ 13.6, 7.6, 14.3, 7.95 ], "texture": "#umbrella" }
    }
},
{
    "__comment": "base1*",
    "from": [ 26.9, 14.15, 14.3 ],
    "to": [ 29, 15.2, 22.7 ],
    "faces": {
        "down":  { "uv": [ 1.7, 12.9, 1, 10.1 ], "texture": "#umbrella" },
        "up":    { "uv": [ 14.3, 10.1, 15, 12.9 ], "texture": "#umbrella" },
        "north": { "uv": [ 1, 7.6, 1.7, 7.95 ], "texture": "#umbrella" },
        "south": { "uv": [ 14.3, 7.6, 15, 7.95 ], "texture": "#umbrella" },
        "west":  { "uv": [ 10.1, 7.6, 12.9, 7.95 ], "texture": "#umbrella" },
        "east":  { "uv": [ 3.1, 7.6, 5.9, 7.95 ], "texture": "#umbrella" }
    }
},
{
    "__comment": "base1*",
    "from": [ -0.4, 14.15, 29 ],
    "to": [ 16.4, 15.2, 31.1 ],
    "faces": {
        "down":  { "uv": [ 10.8, 15.7, 5.2, 15 ], "texture": "#umbrella" },
        "up":    { "uv": [ 5.2, 15, 10.8, 15.7 ], "texture": "#umbrella" },
        "north": { "uv": [ 5.2, 7.6, 10.8, 7.95 ], "texture": "#umbrella" },
        "south": { "uv": [ 5.2, 7.6, 10.8, 7.95 ], "texture": "#umbrella" },
        "west":  { "uv": [ 15, 7.6, 15.7, 7.95 ], "texture": "#umbrella" },
        "east":  { "uv": [ 0.3, 7.6, 1, 7.95 ], "texture": "#umbrella" }
    }
},
{
    "__comment": "base1*",
    "from": [ 14.3, 14.15, 26.9 ],
    "to": [ 22.7, 15.2, 29 ],
    "faces": {
        "down":  { "uv": [ 5.9, 15, 3.1, 14.3 ], "texture": "#umbrella" },
        "up":    { "uv": [ 10.1, 14.3, 12.9, 15 ], "texture": "#umbrella" },
        "north": { "uv": [ 3.1, 7.6, 5.9, 7.95 ], "texture": "#umbrella" },
        "south": { "uv": [ 10.1, 7.6, 12.9, 7.95 ], "texture": "#umbrella" },
        "west":  { "uv": [ 14.3, 7.6, 15, 7.95 ], "texture": "#umbrella" },
        "east":  { "uv": [ 1, 7.6, 1.7, 7.95 ], "texture": "#umbrella" }
    }
},
{
    "__comment": "base1*",
    "from": [ 20.6, 14.15, 24.8 ],
    "to": [ 24.8, 15.2, 26.9 ],
    "faces": {
        "down":  { "uv": [ 3.8, 14.3, 2.4, 13.6 ], "texture": "#umbrella" },
        "up":    { "uv": [ 12.2, 13.6, 13.6, 14.3 ], "texture": "#umbrella" },
        "north": { "uv": [ 2.4, 7.6, 3.8, 7.95 ], "texture": "#umbrella" },
        "south": { "uv": [ 12.2, 7.6, 13.6, 7.95 ], "texture": "#umbrella" },
        "west":  { "uv": [ 13.6, 7.6, 14.3, 7.95 ], "texture": "#umbrella" },
        "east":  { "uv": [ 1.7, 7.6, 2.4, 7.95 ], "texture": "#umbrella" }
    }
},
{
    "__comment": "base1*",
    "from": [ 22.7, 14.15, 22.7 ],
    "to": [ 26.9, 15.2, 24.8 ],
    "faces": {
        "down":  { "uv": [ 3.1, 13.6, 1.7, 12.9 ], "texture": "#umbrella" },
        "up":    { "uv": [ 12.9, 12.9, 14.3, 13.6 ], "texture": "#umbrella" },
        "north": { "uv": [ 1.7, 7.6, 3.1, 7.95 ], "texture": "#umbrella" },
        "south": { "uv": [ 12.9, 7.6, 14.3, 7.95 ], "texture": "#umbrella" },
        "west":  { "uv": [ 12.9, 7.6, 13.6, 7.95 ], "texture": "#umbrella" },
        "east":  { "uv": [ 2.4, 7.6, 3.1, 7.95 ], "texture": "#umbrella" }
    }
},
{
    "__comment": "base1*",
    "from": [ 24.8, 14.15, 20.6 ],
    "to": [ 26.9, 15.2, 22.7 ],
    "faces": {
        "down":  { "uv": [ 2.4, 12.9, 1.7, 12.2 ], "texture": "#umbrella" },
        "up":    { "uv": [ 13.6, 12.2, 14.3, 12.9 ], "texture": "#umbrella" },
        "north": { "uv": [ 1.7, 7.6, 2.4, 7.95 ], "texture": "#umbrella" },
        "south": { "uv": [ 13.6, 7.6, 14.3, 7.95 ], "texture": "#umbrella" },
        "west":  { "uv": [ 12.2, 7.6, 12.9, 7.95 ], "texture": "#umbrella" },
        "east":  { "uv": [ 3.1, 7.6, 3.8, 7.95 ], "texture": "#umbrella" }
    }
},
{
    "__comment": "base1*",
    "from": [ -6.7, 14.15, 26.9 ],
    "to": [ 1.7, 15.2, 29 ],
    "faces": {
        "down":  { "uv": [ 12.9, 15, 10.1, 14.3 ], "texture": "#umbrella" },
        "up":    { "uv": [ 3.1, 14.3, 5.9, 15 ], "texture": "#umbrella" },
        "north": { "uv": [ 10.1, 7.6, 12.9, 7.95 ], "texture": "#umbrella" },
        "south": { "uv": [ 3.1, 7.6, 5.9, 7.95 ], "texture": "#umbrella" },
        "west":  { "uv": [ 14.3, 7.6, 15, 7.95 ], "texture": "#umbrella" },
        "east":  { "uv": [ 1, 7.6, 1.7, 7.95 ], "texture": "#umbrella" }
    }
},
{
    "__comment": "base1*",
    "from": [ -13, 14.15, 14.3 ],
    "to": [ -10.9, 15.2, 22.7 ],
    "faces": {
        "down":  { "uv": [ 15, 12.9, 14.3, 10.1 ], "texture": "#umbrella" },
        "up":    { "uv": [ 1, 10.1, 1.7, 12.9 ], "texture": "#umbrella" },
        "north": { "uv": [ 14.3, 7.6, 15, 7.95 ], "texture": "#umbrella" },
        "south": { "uv": [ 1, 7.6, 1.7, 7.95 ], "texture": "#umbrella" },
        "west":  { "uv": [ 10.1, 7.6, 12.9, 7.95 ], "texture": "#umbrella" },
        "east":  { "uv": [ 3.1, 7.6, 5.9, 7.95 ], "texture": "#umbrella" }
    }
},
{
    "__comment": "base1*",
    "from": [ -10.9, 14.15, 20.6 ],
    "to": [ -8.8, 15.2, 24.8 ],
    "faces": {
        "down":  { "uv": [ 14.3, 13.6, 13.6, 12.2 ], "texture": "#umbrella" },
        "up":    { "uv": [ 1.7, 12.2, 2.4, 13.6 ], "texture": "#umbrella" },
        "north": { "uv": [ 13.6, 7.6, 14.3, 7.95 ], "texture": "#umbrella" },
        "south": { "uv": [ 1.7, 7.6, 2.4, 7.95 ], "texture": "#umbrella" },
        "west":  { "uv": [ 12.2, 7.6, 13.6, 7.95 ], "texture": "#umbrella" },
        "east":  { "uv": [ 2.4, 7.6, 3.8, 7.95 ], "texture": "#umbrella" }
    }
},
{
    "__comment": "base1*",
    "from": [ -8.8, 14.15, 22.7 ],
    "to": [ -6.7, 15.2, 26.9 ],
    "faces": {
        "down":  { "uv": [ 13.6, 14.3, 12.9, 12.9 ], "texture": "#umbrella" },
        "up":    { "uv": [ 2.4, 12.9, 3.1, 14.3 ], "texture": "#umbrella" },
        "north": { "uv": [ 12.9, 7.6, 13.6, 7.95 ], "texture": "#umbrella" },
        "south": { "uv": [ 2.4, 7.6, 3.1, 7.95 ], "texture": "#umbrella" },
        "west":  { "uv": [ 12.9, 7.6, 14.3, 7.95 ], "texture": "#umbrella" },
        "east":  { "uv": [ 1.7, 7.6, 3.1, 7.95 ], "texture": "#umbrella" }
    }
},
{
    "__comment": "base1*",
    "from": [ -6.7, 14.15, 24.8 ],
    "to": [ -4.6, 15.2, 26.9 ],
    "faces": {
        "down":  { "uv": [ 12.9, 14.3, 12.2, 13.6 ], "texture": "#umbrella" },
        "up":    { "uv": [ 3.1, 13.6, 3.8, 14.3 ], "texture": "#umbrella" },
        "north": { "uv": [ 12.2, 7.6, 12.9, 7.95 ], "texture": "#umbrella" },
        "south": { "uv": [ 3.1, 7.6, 3.8, 7.95 ], "texture": "#umbrella" },
        "west":  { "uv": [ 13.6, 7.6, 14.3, 7.95 ], "texture": "#umbrella" },
        "east":  { "uv": [ 1.7, 7.6, 2.4, 7.95 ], "texture": "#umbrella" }
    }
},
{
    "__comment": "base2*",
    "from": [ -6.7, 15.2, 22.7 ],
    "to": [ -2.5, 16.25, 24.8 ],
    "faces": {
        "down":  { "uv": [ 12.9, 13.6, 11.5, 12.9 ], "texture": "#umbrella" },
        "up":    { "uv": [ 3.1, 12.9, 4.5, 13.6 ], "texture": "#umbrella" },
        "north": { "uv": [ 11.5, 7.25, 12.9, 7.6 ], "texture": "#umbrella" },
        "south": { "uv": [ 3.1, 7.25, 4.5, 7.6 ], "texture": "#umbrella" },
        "west":  { "uv": [ 12.9, 7.25, 13.6, 7.6 ], "texture": "#umbrella" },
        "east":  { "uv": [ 2.4, 7.25, 3.1, 7.6 ], "texture": "#umbrella" }
    }
},
{
    "__comment": "base2*",
    "from": [ -4.6, 15.2, 24.8 ],
    "to": [ 3.8, 16.25, 26.9 ],
    "faces": {
        "down":  { "uv": [ 12.2, 14.3, 9.4, 13.6 ], "texture": "#umbrella" },
        "up":    { "uv": [ 3.8, 13.6, 6.6, 14.3 ], "texture": "#umbrella" },
        "north": { "uv": [ 9.4, 7.25, 12.2, 7.6 ], "texture": "#umbrella" },
        "south": { "uv": [ 3.8, 7.25, 6.6, 7.6 ], "texture": "#umbrella" },
        "west":  { "uv": [ 13.6, 7.25, 14.3, 7.6 ], "texture": "#umbrella" },
        "east":  { "uv": [ 1.7, 7.25, 2.4, 7.6 ], "texture": "#umbrella" }
    }
},
{
    "__comment": "base2*",
    "from": [ 1.7, 15.2, 26.9 ],
    "to": [ 14.3, 16.25, 29 ],
    "faces": {
        "down":  { "uv": [ 10.1, 15, 5.9, 14.3 ], "texture": "#umbrella" },
        "up":    { "uv": [ 5.9, 14.3, 10.1, 15 ], "texture": "#umbrella" },
        "north": { "uv": [ 5.9, 7.25, 10.1, 7.6 ], "texture": "#umbrella" },
        "south": { "uv": [ 5.9, 7.25, 10.1, 7.6 ], "texture": "#umbrella" },
        "west":  { "uv": [ 14.3, 7.25, 15, 7.6 ], "texture": "#umbrella" },
        "east":  { "uv": [ 1, 7.25, 1.7, 7.6 ], "texture": "#umbrella" }
    }
},
{
    "__comment": "base2*",
    "from": [ -10.9, 15.2, 12.2 ],
    "to": [ -8.8, 16.25, 20.6 ],
    "faces": {
        "down":  { "uv": [ 14.3, 12.2, 13.6, 9.4 ], "texture": "#umbrella" },
        "up":    { "uv": [ 1.7, 9.4, 2.4, 12.2 ], "texture": "#umbrella" },
        "north": { "uv": [ 13.6, 7.25, 14.3, 7.6 ], "texture": "#umbrella" },
        "south": { "uv": [ 1.7, 7.25, 2.4, 7.6 ], "texture": "#umbrella" },
        "west":  { "uv": [ 9.4, 7.25, 12.2, 7.6 ], "texture": "#umbrella" },
        "east":  { "uv": [ 3.8, 7.25, 6.6, 7.6 ], "texture": "#umbrella" }
    }
},
{
    "__comment": "base2*",
    "from": [ -8.8, 15.2, 18.5 ],
    "to": [ -6.7, 16.25, 22.7 ],
    "faces": {
        "down":  { "uv": [ 13.6, 12.9, 12.9, 11.5 ], "texture": "#umbrella" },
        "up":    { "uv": [ 2.4, 11.5, 3.1, 12.9 ], "texture": "#umbrella" },
        "north": { "uv": [ 12.9, 7.25, 13.6, 7.6 ], "texture": "#umbrella" },
        "south": { "uv": [ 2.4, 7.25, 3.1, 7.6 ], "texture": "#umbrella" },
        "west":  { "uv": [ 11.5, 7.25, 12.9, 7.6 ], "texture": "#umbrella" },
        "east":  { "uv": [ 3.1, 7.25, 4.5, 7.6 ], "texture": "#umbrella" }
    }
},
{
    "__comment": "base2*",
    "from": [ -13, 15.2, 1.7 ],
    "to": [ -10.9, 16.25, 14.3 ],
    "faces": {
        "down":  { "uv": [ 15, 10.1, 14.3, 5.9 ], "texture": "#umbrella" },
        "up":    { "uv": [ 1, 5.9, 1.7, 10.1 ], "texture": "#umbrella" },
        "north": { "uv": [ 14.3, 7.25, 15, 7.6 ], "texture": "#umbrella" },
        "south": { "uv": [ 1, 7.25, 1.7, 7.6 ], "texture": "#umbrella" },
        "west":  { "uv": [ 5.9, 7.25, 10.1, 7.6 ], "texture": "#umbrella" },
        "east":  { "uv": [ 5.9, 7.25, 10.1, 7.6 ], "texture": "#umbrella" }
    }
},
{
    "__comment": "base2*",
    "from": [ -6.7, 15.2, 20.6 ],
    "to": [ -4.6, 16.25, 22.7 ],
    "faces": {
        "down":  { "uv": [ 12.9, 12.9, 12.2, 12.2 ], "texture": "#umbrella" },
        "up":    { "uv": [ 3.1, 12.2, 3.8, 12.9 ], "texture": "#umbrella" },
        "north": { "uv": [ 12.2, 7.25, 12.9, 7.6 ], "texture": "#umbrella" },
        "south": { "uv": [ 3.1, 7.25, 3.8, 7.6 ], "texture": "#umbrella" },
        "west":  { "uv": [ 12.2, 7.25, 12.9, 7.6 ], "texture": "#umbrella" },
        "east":  { "uv": [ 3.1, 7.25, 3.8, 7.6 ], "texture": "#umbrella" }
    }
},
{
    "__comment": "base2*",
    "from": [ -8.8, 15.2, -6.7 ],
    "to": [ -6.7, 16.25, -2.5 ],
    "faces": {
        "down":  { "uv": [ 13.6, 4.5, 12.9, 3.1 ], "texture": "#umbrella" },
        "up":    { "uv": [ 2.4, 3.1, 3.1, 4.5 ], "texture": "#umbrella" },
        "north": { "uv": [ 12.9, 7.25, 13.6, 7.6 ], "texture": "#umbrella" },
        "south": { "uv": [ 2.4, 7.25, 3.1, 7.6 ], "texture": "#umbrella" },
        "west":  { "uv": [ 3.1, 7.25, 4.5, 7.6 ], "texture": "#umbrella" },
        "east":  { "uv": [ 11.5, 7.25, 12.9, 7.6 ], "texture": "#umbrella" }
    }
},
{
    "__comment": "base2*",
    "from": [ -10.9, 15.2, -4.6 ],
    "to": [ -8.8, 16.25, 3.8 ],
    "faces": {
        "down":  { "uv": [ 14.3, 6.6, 13.6, 3.8 ], "texture": "#umbrella" },
        "up":    { "uv": [ 1.7, 3.8, 2.4, 6.6 ], "texture": "#umbrella" },
        "north": { "uv": [ 13.6, 7.25, 14.3, 7.6 ], "texture": "#umbrella" },
        "south": { "uv": [ 1.7, 7.25, 2.4, 7.6 ], "texture": "#umbrella" },
        "west":  { "uv": [ 3.8, 7.25, 6.6, 7.6 ], "texture": "#umbrella" },
        "east":  { "uv": [ 9.4, 7.25, 12.2, 7.6 ], "texture": "#umbrella" }
    }
},
{
    "__comment": "base2*",
    "from": [ -4.6, 15.2, -10.9 ],
    "to": [ 3.8, 16.25, -8.8 ],
    "faces": {
        "down":  { "uv": [ 12.2, 2.4, 9.4, 1.7 ], "texture": "#umbrella" },
        "up":    { "uv": [ 3.8, 1.7, 6.6, 2.4 ], "texture": "#umbrella" },
        "north": { "uv": [ 9.4, 7.25, 12.2, 7.6 ], "texture": "#umbrella" },
        "south": { "uv": [ 3.8, 7.25, 6.6, 7.6 ], "texture": "#umbrella" },
        "west":  { "uv": [ 1.7, 7.25, 2.4, 7.6 ], "texture": "#umbrella" },
        "east":  { "uv": [ 13.6, 7.25, 14.3, 7.6 ], "texture": "#umbrella" }
    }
},
{
    "__comment": "base2*",
    "from": [ -6.7, 15.2, -8.8 ],
    "to": [ -2.5, 16.25, -6.7 ],
    "faces": {
        "down":  { "uv": [ 12.9, 3.1, 11.5, 2.4 ], "texture": "#umbrella" },
        "up":    { "uv": [ 3.1, 2.4, 4.5, 3.1 ], "texture": "#umbrella" },
        "north": { "uv": [ 11.5, 7.25, 12.9, 7.6 ], "texture": "#umbrella" },
        "south": { "uv": [ 3.1, 7.25, 4.5, 7.6 ], "texture": "#umbrella" },
        "west":  { "uv": [ 2.4, 7.25, 3.1, 7.6 ], "texture": "#umbrella" },
        "east":  { "uv": [ 12.9, 7.25, 13.6, 7.6 ], "texture": "#umbrella" }
    }
},
{
    "__comment": "base2*",
    "from": [ 1.7, 15.2, -13 ],
    "to": [ 14.3, 16.25, -10.9 ],
    "faces": {
        "down":  { "uv": [ 10.1, 1.7, 5.9, 1 ], "texture": "#umbrella" },
        "up":    { "uv": [ 5.9, 1, 10.1, 1.7 ], "texture": "#umbrella" },
        "north": { "uv": [ 5.9, 7.25, 10.1, 7.6 ], "texture": "#umbrella" },
        "south": { "uv": [ 5.9, 7.25, 10.1, 7.6 ], "texture": "#umbrella" },
        "west":  { "uv": [ 1, 7.25, 1.7, 7.6 ], "texture": "#umbrella" },
        "east":  { "uv": [ 14.3, 7.25, 15, 7.6 ], "texture": "#umbrella" }
    }
},
{
    "__comment": "base2*",
    "from": [ -6.7, 15.2, -6.7 ],
    "to": [ -4.6, 16.25, -4.6 ],
    "faces": {
        "down":  { "uv": [ 12.9, 3.8, 12.2, 3.1 ], "texture": "#umbrella" },
        "up":    { "uv": [ 3.1, 3.1, 3.8, 3.8 ], "texture": "#umbrella" },
        "north": { "uv": [ 12.2, 7.25, 12.9, 7.6 ], "texture": "#umbrella" },
        "south": { "uv": [ 3.1, 7.25, 3.8, 7.6 ], "texture": "#umbrella" },
        "west":  { "uv": [ 3.1, 7.25, 3.8, 7.6 ], "texture": "#umbrella" },
        "east":  { "uv": [ 12.2, 7.25, 12.9, 7.6 ], "texture": "#umbrella" }
    }
},
{
    "__comment": "base2*",
    "from": [ 18.5, 15.2, -8.8 ],
    "to": [ 22.7, 16.25, -6.7 ],
    "faces": {
        "down":  { "uv": [ 4.5, 3.1, 3.1, 2.4 ], "texture": "#umbrella" },
        "up":    { "uv": [ 11.5, 2.4, 12.9, 3.1 ], "texture": "#umbrella" },
        "north": { "uv": [ 3.1, 7.25, 4.5, 7.6 ], "texture": "#umbrella" },
        "south": { "uv": [ 11.5, 7.25, 12.9, 7.6 ], "texture": "#umbrella" },
        "west":  { "uv": [ 2.4, 7.25, 3.1, 7.6 ], "texture": "#umbrella" },
        "east":  { "uv": [ 12.9, 7.25, 13.6, 7.6 ], "texture": "#umbrella" }
    }
},
{
    "__comment": "base2*",
    "from": [ 12.2, 15.2, -10.9 ],
    "to": [ 20.6, 16.25, -8.8 ],
    "faces": {
        "down":  { "uv": [ 6.6, 2.4, 3.8, 1.7 ], "texture": "#umbrella" },
        "up":    { "uv": [ 9.4, 1.7, 12.2, 2.4 ], "texture": "#umbrella" },
        "north": { "uv": [ 3.8, 7.25, 6.6, 7.6 ], "texture": "#umbrella" },
        "south": { "uv": [ 9.4, 7.25, 12.2, 7.6 ], "texture": "#umbrella" },
        "west":  { "uv": [ 1.7, 7.25, 2.4, 7.6 ], "texture": "#umbrella" },
        "east":  { "uv": [ 13.6, 7.25, 14.3, 7.6 ], "texture": "#umbrella" }
    }
},
{
    "__comment": "base2*",
    "from": [ 24.8, 15.2, -4.6 ],
    "to": [ 26.9, 16.25, 3.8 ],
    "faces": {
        "down":  { "uv": [ 2.4, 6.6, 1.7, 3.8 ], "texture": "#umbrella" },
        "up":    { "uv": [ 13.6, 3.8, 14.3, 6.6 ], "texture": "#umbrella" },
        "north": { "uv": [ 1.7, 7.25, 2.4, 7.6 ], "texture": "#umbrella" },
        "south": { "uv": [ 13.6, 7.25, 14.3, 7.6 ], "texture": "#umbrella" },
        "west":  { "uv": [ 3.8, 7.25, 6.6, 7.6 ], "texture": "#umbrella" },
        "east":  { "uv": [ 9.4, 7.25, 12.2, 7.6 ], "texture": "#umbrella" }
    }
},
{
    "__comment": "base2*",
    "from": [ 22.7, 15.2, -6.7 ],
    "to": [ 24.8, 16.25, -2.5 ],
    "faces": {
        "down":  { "uv": [ 3.1, 4.5, 2.4, 3.1 ], "texture": "#umbrella" },
        "up":    { "uv": [ 12.9, 3.1, 13.6, 4.5 ], "texture": "#umbrella" },
        "north": { "uv": [ 2.4, 7.25, 3.1, 7.6 ], "texture": "#umbrella" },
        "south": { "uv": [ 12.9, 7.25, 13.6, 7.6 ], "texture": "#umbrella" },
        "west":  { "uv": [ 3.1, 7.25, 4.5, 7.6 ], "texture": "#umbrella" },
        "east":  { "uv": [ 11.5, 7.25, 12.9, 7.6 ], "texture": "#umbrella" }
    }
},
{
    "__comment": "base2*",
    "from": [ 26.9, 15.2, 1.7 ],
    "to": [ 29, 16.25, 14.3 ],
    "faces": {
        "down":  { "uv": [ 1.7, 10.1, 1, 5.9 ], "texture": "#umbrella" },
        "up":    { "uv": [ 14.3, 5.9, 15, 10.1 ], "texture": "#umbrella" },
        "north": { "uv": [ 1, 7.25, 1.7, 7.6 ], "texture": "#umbrella" },
        "south": { "uv": [ 14.3, 7.25, 15, 7.6 ], "texture": "#umbrella" },
        "west":  { "uv": [ 5.9, 7.25, 10.1, 7.6 ], "texture": "#umbrella" },
        "east":  { "uv": [ 5.9, 7.25, 10.1, 7.6 ], "texture": "#umbrella" }
    }
},
{
    "__comment": "base2*",
    "from": [ 20.6, 15.2, -6.7 ],
    "to": [ 22.7, 16.25, -4.6 ],
    "faces": {
        "down":  { "uv": [ 3.8, 3.8, 3.1, 3.1 ], "texture": "#umbrella" },
        "up":    { "uv": [ 12.2, 3.1, 12.9, 3.8 ], "texture": "#umbrella" },
        "north": { "uv": [ 3.1, 7.25, 3.8, 7.6 ], "texture": "#umbrella" },
        "south": { "uv": [ 12.2, 7.25, 12.9, 7.6 ], "texture": "#umbrella" },
        "west":  { "uv": [ 3.1, 7.25, 3.8, 7.6 ], "texture": "#umbrella" },
        "east":  { "uv": [ 12.2, 7.25, 12.9, 7.6 ], "texture": "#umbrella" }
    }
},
{
    "__comment": "base2*",
    "from": [ 22.7, 15.2, 18.5 ],
    "to": [ 24.8, 16.25, 22.7 ],
    "faces": {
        "down":  { "uv": [ 3.1, 12.9, 2.4, 11.5 ], "texture": "#umbrella" },
        "up":    { "uv": [ 12.9, 11.5, 13.6, 12.9 ], "texture": "#umbrella" },
        "north": { "uv": [ 2.4, 7.25, 3.1, 7.6 ], "texture": "#umbrella" },
        "south": { "uv": [ 12.9, 7.25, 13.6, 7.6 ], "texture": "#umbrella" },
        "west":  { "uv": [ 11.5, 7.25, 12.9, 7.6 ], "texture": "#umbrella" },
        "east":  { "uv": [ 3.1, 7.25, 4.5, 7.6 ], "texture": "#umbrella" }
    }
},
{
    "__comment": "base2*",
    "from": [ 24.8, 15.2, 12.2 ],
    "to": [ 26.9, 16.25, 20.6 ],
    "faces": {
        "down":  { "uv": [ 2.4, 12.2, 1.7, 9.4 ], "texture": "#umbrella" },
        "up":    { "uv": [ 13.6, 9.4, 14.3, 12.2 ], "texture": "#umbrella" },
        "north": { "uv": [ 1.7, 7.25, 2.4, 7.6 ], "texture": "#umbrella" },
        "south": { "uv": [ 13.6, 7.25, 14.3, 7.6 ], "texture": "#umbrella" },
        "west":  { "uv": [ 9.4, 7.25, 12.2, 7.6 ], "texture": "#umbrella" },
        "east":  { "uv": [ 3.8, 7.25, 6.6, 7.6 ], "texture": "#umbrella" }
    }
},
{
    "__comment": "base2*",
    "from": [ 12.2, 15.2, 24.8 ],
    "to": [ 20.6, 16.25, 26.9 ],
    "faces": {
        "down":  { "uv": [ 6.6, 14.3, 3.8, 13.6 ], "texture": "#umbrella" },
        "up":    { "uv": [ 9.4, 13.6, 12.2, 14.3 ], "texture": "#umbrella" },
        "north": { "uv": [ 3.8, 7.25, 6.6, 7.6 ], "texture": "#umbrella" },
        "south": { "uv": [ 9.4, 7.25, 12.2, 7.6 ], "texture": "#umbrella" },
        "west":  { "uv": [ 13.6, 7.25, 14.3, 7.6 ], "texture": "#umbrella" },
        "east":  { "uv": [ 1.7, 7.25, 2.4, 7.6 ], "texture": "#umbrella" }
    }
},
{
    "__comment": "base2*",
    "from": [ 18.5, 15.2, 22.7 ],
    "to": [ 22.7, 16.25, 24.8 ],
    "faces": {
        "down":  { "uv": [ 4.5, 13.6, 3.1, 12.9 ], "texture": "#umbrella" },
        "up":    { "uv": [ 11.5, 12.9, 12.9, 13.6 ], "texture": "#umbrella" },
        "north": { "uv": [ 3.1, 7.25, 4.5, 7.6 ], "texture": "#umbrella" },
        "south": { "uv": [ 11.5, 7.25, 12.9, 7.6 ], "texture": "#umbrella" },
        "west":  { "uv": [ 12.9, 7.25, 13.6, 7.6 ], "texture": "#umbrella" },
        "east":  { "uv": [ 2.4, 7.25, 3.1, 7.6 ], "texture": "#umbrella" }
    }
},
{
    "__comment": "base2*",
    "from": [ 20.6, 15.2, 20.6 ],
    "to": [ 22.7, 16.25, 22.7 ],
    "faces": {
        "down":  { "uv": [ 3.8, 12.9, 3.1, 12.2 ], "texture": "#umbrella" },
        "up":    { "uv": [ 12.2, 12.2, 12.9, 12.9 ], "texture": "#umbrella" },
        "north": { "uv": [ 3.1, 7.25, 3.8, 7.6 ], "texture": "#umbrella" },
        "south": { "uv": [ 12.2, 7.25, 12.9, 7.6 ], "texture": "#umbrella" },
        "west":  { "uv": [ 12.2, 7.25, 12.9, 7.6 ], "texture": "#umbrella" },
        "east":  { "uv": [ 3.1, 7.25, 3.8, 7.6 ], "texture": "#umbrella" }
    }
},
{
    "__comment": "base3*",
    "from": [ 20.6, 16.25, -4.6 ],
    "to": [ 22.7, 17.3, -0.4 ],
    "faces": {
        "down":  { "uv": [ 3.8, 5.2, 3.1, 3.8 ], "texture": "#umbrella" },
        "up":    { "uv": [ 12.2, 3.8, 12.9, 5.2 ], "texture": "#umbrella" },
        "north": { "uv": [ 3.1, 6.9, 3.8, 7.25 ], "texture": "#umbrella" },
        "south": { "uv": [ 12.2, 6.9, 12.9, 7.25 ], "texture": "#umbrella" },
        "west":  { "uv": [ 3.8, 6.9, 5.2, 7.25 ], "texture": "#umbrella" },
        "east":  { "uv": [ 10.8, 6.9, 12.2, 7.25 ], "texture": "#umbrella" }
    }
},
{
    "__comment": "base3*",
    "from": [ 22.7, 16.25, -2.5 ],
    "to": [ 24.8, 17.3, 5.9 ],
    "faces": {
        "down":  { "uv": [ 3.1, 7.3, 2.4, 4.5 ], "texture": "#umbrella" },
        "up":    { "uv": [ 12.9, 4.5, 13.6, 7.3 ], "texture": "#umbrella" },
        "north": { "uv": [ 2.4, 6.9, 3.1, 7.25 ], "texture": "#umbrella" },
        "south": { "uv": [ 12.9, 6.9, 13.6, 7.25 ], "texture": "#umbrella" },
        "west":  { "uv": [ 4.5, 6.9, 7.3, 7.25 ], "texture": "#umbrella" },
        "east":  { "uv": [ 8.7, 6.9, 11.5, 7.25 ], "texture": "#umbrella" }
    }
},
{
    "__comment": "base3*",
    "from": [ 10.1, 16.25, -8.8 ],
    "to": [ 18.5, 17.3, -6.7 ],
    "faces": {
        "down":  { "uv": [ 7.3, 3.1, 4.5, 2.4 ], "texture": "#umbrella" },
        "up":    { "uv": [ 8.7, 2.4, 11.5, 3.1 ], "texture": "#umbrella" },
        "north": { "uv": [ 4.5, 6.9, 7.3, 7.25 ], "texture": "#umbrella" },
        "south": { "uv": [ 8.7, 6.9, 11.5, 7.25 ], "texture": "#umbrella" },
        "west":  { "uv": [ 2.4, 6.9, 3.1, 7.25 ], "texture": "#umbrella" },
        "east":  { "uv": [ 12.9, 6.9, 13.6, 7.25 ], "texture": "#umbrella" }
    }
},
{
    "__comment": "base3*",
    "from": [ 3.8, 16.25, -10.9 ],
    "to": [ 12.2, 17.3, -8.8 ],
    "faces": {
        "down":  { "uv": [ 9.4, 2.4, 6.6, 1.7 ], "texture": "#umbrella" },
        "up":    { "uv": [ 6.6, 1.7, 9.4, 2.4 ], "texture": "#umbrella" },
        "north": { "uv": [ 6.6, 6.9, 9.4, 7.25 ], "texture": "#umbrella" },
        "south": { "uv": [ 6.6, 6.9, 9.4, 7.25 ], "texture": "#umbrella" },
        "west":  { "uv": [ 1.7, 6.9, 2.4, 7.25 ], "texture": "#umbrella" },
        "east":  { "uv": [ 13.6, 6.9, 14.3, 7.25 ], "texture": "#umbrella" }
    }
},
{
    "__comment": "base3*",
    "from": [ 16.4, 16.25, -6.7 ],
    "to": [ 20.6, 17.3, -4.6 ],
    "faces": {
        "down":  { "uv": [ 5.2, 3.8, 3.8, 3.1 ], "texture": "#umbrella" },
        "up":    { "uv": [ 10.8, 3.1, 12.2, 3.8 ], "texture": "#umbrella" },
        "north": { "uv": [ 3.8, 6.9, 5.2, 7.25 ], "texture": "#umbrella" },
        "south": { "uv": [ 10.8, 6.9, 12.2, 7.25 ], "texture": "#umbrella" },
        "west":  { "uv": [ 3.1, 6.9, 3.8, 7.25 ], "texture": "#umbrella" },
        "east":  { "uv": [ 12.2, 6.9, 12.9, 7.25 ], "texture": "#umbrella" }
    }
},
{
    "__comment": "base3*",
    "from": [ 18.5, 16.25, -4.6 ],
    "to": [ 20.6, 17.3, -2.5 ],
    "faces": {
        "down":  { "uv": [ 4.5, 4.5, 3.8, 3.8 ], "texture": "#umbrella" },
        "up":    { "uv": [ 11.5, 3.8, 12.2, 4.5 ], "texture": "#umbrella" },
        "north": { "uv": [ 3.8, 6.9, 4.5, 7.25 ], "texture": "#umbrella" },
        "south": { "uv": [ 11.5, 6.9, 12.2, 7.25 ], "texture": "#umbrella" },
        "west":  { "uv": [ 3.8, 6.9, 4.5, 7.25 ], "texture": "#umbrella" },
        "east":  { "uv": [ 11.5, 6.9, 12.2, 7.25 ], "texture": "#umbrella" }
    }
},
{
    "__comment": "base3*",
    "from": [ 24.8, 16.25, 3.8 ],
    "to": [ 26.9, 17.3, 12.2 ],
    "faces": {
        "down":  { "uv": [ 2.4, 9.4, 1.7, 6.6 ], "texture": "#umbrella" },
        "up":    { "uv": [ 13.6, 6.6, 14.3, 9.4 ], "texture": "#umbrella" },
        "north": { "uv": [ 1.7, 6.9, 2.4, 7.25 ], "texture": "#umbrella" },
        "south": { "uv": [ 13.6, 6.9, 14.3, 7.25 ], "texture": "#umbrella" },
        "west":  { "uv": [ 6.6, 6.9, 9.4, 7.25 ], "texture": "#umbrella" },
        "east":  { "uv": [ 6.6, 6.9, 9.4, 7.25 ], "texture": "#umbrella" }
    }
},
{
    "__comment": "base3*",
    "from": [ 16.4, 16.25, 20.6 ],
    "to": [ 20.6, 17.3, 22.7 ],
    "faces": {
        "down":  { "uv": [ 5.2, 12.9, 3.8, 12.2 ], "texture": "#umbrella" },
        "up":    { "uv": [ 10.8, 12.2, 12.2, 12.9 ], "texture": "#umbrella" },
        "north": { "uv": [ 3.8, 6.9, 5.2, 7.25 ], "texture": "#umbrella" },
        "south": { "uv": [ 10.8, 6.9, 12.2, 7.25 ], "texture": "#umbrella" },
        "west":  { "uv": [ 12.2, 6.9, 12.9, 7.25 ], "texture": "#umbrella" },
        "east":  { "uv": [ 3.1, 6.9, 3.8, 7.25 ], "texture": "#umbrella" }
    }
},
{
    "__comment": "base3*",
    "from": [ 10.1, 16.25, 22.7 ],
    "to": [ 18.5, 17.3, 24.8 ],
    "faces": {
        "down":  { "uv": [ 7.3, 13.6, 4.5, 12.9 ], "texture": "#umbrella" },
        "up":    { "uv": [ 8.7, 12.9, 11.5, 13.6 ], "texture": "#umbrella" },
        "north": { "uv": [ 4.5, 6.9, 7.3, 7.25 ], "texture": "#umbrella" },
        "south": { "uv": [ 8.7, 6.9, 11.5, 7.25 ], "texture": "#umbrella" },
        "west":  { "uv": [ 12.9, 6.9, 13.6, 7.25 ], "texture": "#umbrella" },
        "east":  { "uv": [ 2.4, 6.9, 3.1, 7.25 ], "texture": "#umbrella" }
    }
},
{
    "__comment": "base3*",
    "from": [ 22.7, 16.25, 10.1 ],
    "to": [ 24.8, 17.3, 18.5 ],
    "faces": {
        "down":  { "uv": [ 3.1, 11.5, 2.4, 8.7 ], "texture": "#umbrella" },
        "up":    { "uv": [ 12.9, 8.7, 13.6, 11.5 ], "texture": "#umbrella" },
        "north": { "uv": [ 2.4, 6.9, 3.1, 7.25 ], "texture": "#umbrella" },
        "south": { "uv": [ 12.9, 6.9, 13.6, 7.25 ], "texture": "#umbrella" },
        "west":  { "uv": [ 8.7, 6.9, 11.5, 7.25 ], "texture": "#umbrella" },
        "east":  { "uv": [ 4.5, 6.9, 7.3, 7.25 ], "texture": "#umbrella" }
    }
},
{
    "__comment": "base3*",
    "from": [ 20.6, 16.25, 16.4 ],
    "to": [ 22.7, 17.3, 20.6 ],
    "faces": {
        "down":  { "uv": [ 3.8, 12.2, 3.1, 10.8 ], "texture": "#umbrella" },
        "up":    { "uv": [ 12.2, 10.8, 12.9, 12.2 ], "texture": "#umbrella" },
        "north": { "uv": [ 3.1, 6.9, 3.8, 7.25 ], "texture": "#umbrella" },
        "south": { "uv": [ 12.2, 6.9, 12.9, 7.25 ], "texture": "#umbrella" },
        "west":  { "uv": [ 10.8, 6.9, 12.2, 7.25 ], "texture": "#umbrella" },
        "east":  { "uv": [ 3.8, 6.9, 5.2, 7.25 ], "texture": "#umbrella" }
    }
},
{
    "__comment": "base3*",
    "from": [ 18.5, 16.25, 18.5 ],
    "to": [ 20.6, 17.3, 20.6 ],
    "faces": {
        "down":  { "uv": [ 4.5, 12.2, 3.8, 11.5 ], "texture": "#umbrella" },
        "up":    { "uv": [ 11.5, 11.5, 12.2, 12.2 ], "texture": "#umbrella" },
        "north": { "uv": [ 3.8, 6.9, 4.5, 7.25 ], "texture": "#umbrella" },
        "south": { "uv": [ 11.5, 6.9, 12.2, 7.25 ], "texture": "#umbrella" },
        "west":  { "uv": [ 11.5, 6.9, 12.2, 7.25 ], "texture": "#umbrella" },
        "east":  { "uv": [ 3.8, 6.9, 4.5, 7.25 ], "texture": "#umbrella" }
    }
},
{
    "__comment": "base3*",
    "from": [ 3.8, 16.25, 24.8 ],
    "to": [ 12.2, 17.3, 26.9 ],
    "faces": {
        "down":  { "uv": [ 9.4, 14.3, 6.6, 13.6 ], "texture": "#umbrella" },
        "up":    { "uv": [ 6.6, 13.6, 9.4, 14.3 ], "texture": "#umbrella" },
        "north": { "uv": [ 6.6, 6.9, 9.4, 7.25 ], "texture": "#umbrella" },
        "south": { "uv": [ 6.6, 6.9, 9.4, 7.25 ], "texture": "#umbrella" },
        "west":  { "uv": [ 13.6, 6.9, 14.3, 7.25 ], "texture": "#umbrella" },
        "east":  { "uv": [ 1.7, 6.9, 2.4, 7.25 ], "texture": "#umbrella" }
    }
},
{
    "__comment": "base3*",
    "from": [ -6.7, 16.25, 16.4 ],
    "to": [ -4.6, 17.3, 20.6 ],
    "faces": {
        "down":  { "uv": [ 12.9, 12.2, 12.2, 10.8 ], "texture": "#umbrella" },
        "up":    { "uv": [ 3.1, 10.8, 3.8, 12.2 ], "texture": "#umbrella" },
        "north": { "uv": [ 12.2, 6.9, 12.9, 7.25 ], "texture": "#umbrella" },
        "south": { "uv": [ 3.1, 6.9, 3.8, 7.25 ], "texture": "#umbrella" },
        "west":  { "uv": [ 10.8, 6.9, 12.2, 7.25 ], "texture": "#umbrella" },
        "east":  { "uv": [ 3.8, 6.9, 5.2, 7.25 ], "texture": "#umbrella" }
    }
},
{
    "__comment": "base3*",
    "from": [ -8.8, 16.25, 10.1 ],
    "to": [ -6.7, 17.3, 18.5 ],
    "faces": {
        "down":  { "uv": [ 13.6, 11.5, 12.9, 8.7 ], "texture": "#umbrella" },
        "up":    { "uv": [ 2.4, 8.7, 3.1, 11.5 ], "texture": "#umbrella" },
        "north": { "uv": [ 12.9, 6.9, 13.6, 7.25 ], "texture": "#umbrella" },
        "south": { "uv": [ 2.4, 6.9, 3.1, 7.25 ], "texture": "#umbrella" },
        "west":  { "uv": [ 8.7, 6.9, 11.5, 7.25 ], "texture": "#umbrella" },
        "east":  { "uv": [ 4.5, 6.9, 7.3, 7.25 ], "texture": "#umbrella" }
    }
},
{
    "__comment": "base3*",
    "from": [ -2.5, 16.25, 22.7 ],
    "to": [ 5.9, 17.3, 24.8 ],
    "faces": {
        "down":  { "uv": [ 11.5, 13.6, 8.7, 12.9 ], "texture": "#umbrella" },
        "up":    { "uv": [ 4.5, 12.9, 7.3, 13.6 ], "texture": "#umbrella" },
        "north": { "uv": [ 8.7, 6.9, 11.5, 7.25 ], "texture": "#umbrella" },
        "south": { "uv": [ 4.5, 6.9, 7.3, 7.25 ], "texture": "#umbrella" },
        "west":  { "uv": [ 12.9, 6.9, 13.6, 7.25 ], "texture": "#umbrella" },
        "east":  { "uv": [ 2.4, 6.9, 3.1, 7.25 ], "texture": "#umbrella" }
    }
},
{
    "__comment": "base3*",
    "from": [ -4.6, 16.25, 20.6 ],
    "to": [ -0.4, 17.3, 22.7 ],
    "faces": {
        "down":  { "uv": [ 12.2, 12.9, 10.8, 12.2 ], "texture": "#umbrella" },
        "up":    { "uv": [ 3.8, 12.2, 5.2, 12.9 ], "texture": "#umbrella" },
        "north": { "uv": [ 10.8, 6.9, 12.2, 7.25 ], "texture": "#umbrella" },
        "south": { "uv": [ 3.8, 6.9, 5.2, 7.25 ], "texture": "#umbrella" },
        "west":  { "uv": [ 12.2, 6.9, 12.9, 7.25 ], "texture": "#umbrella" },
        "east":  { "uv": [ 3.1, 6.9, 3.8, 7.25 ], "texture": "#umbrella" }
    }
},
{
    "__comment": "base3*",
    "from": [ -4.6, 16.25, 18.5 ],
    "to": [ -2.5, 17.3, 20.6 ],
    "faces": {
        "down":  { "uv": [ 12.2, 12.2, 11.5, 11.5 ], "texture": "#umbrella" },
        "up":    { "uv": [ 3.8, 11.5, 4.5, 12.2 ], "texture": "#umbrella" },
        "north": { "uv": [ 11.5, 6.9, 12.2, 7.25 ], "texture": "#umbrella" },
        "south": { "uv": [ 3.8, 6.9, 4.5, 7.25 ], "texture": "#umbrella" },
        "west":  { "uv": [ 11.5, 6.9, 12.2, 7.25 ], "texture": "#umbrella" },
        "east":  { "uv": [ 3.8, 6.9, 4.5, 7.25 ], "texture": "#umbrella" }
    }
},
{
    "__comment": "base3*",
    "from": [ -10.9, 16.25, 3.8 ],
    "to": [ -8.8, 17.3, 12.2 ],
    "faces": {
        "down":  { "uv": [ 14.3, 9.4, 13.6, 6.6 ], "texture": "#umbrella" },
        "up":    { "uv": [ 1.7, 6.6, 2.4, 9.4 ], "texture": "#umbrella" },
        "north": { "uv": [ 13.6, 6.9, 14.3, 7.25 ], "texture": "#umbrella" },
        "south": { "uv": [ 1.7, 6.9, 2.4, 7.25 ], "texture": "#umbrella" },
        "west":  { "uv": [ 6.6, 6.9, 9.4, 7.25 ], "texture": "#umbrella" },
        "east":  { "uv": [ 6.6, 6.9, 9.4, 7.25 ], "texture": "#umbrella" }
    }
},
{
    "__comment": "base3*",
    "from": [ -4.6, 16.25, -6.7 ],
    "to": [ -0.4, 17.3, -4.6 ],
    "faces": {
        "down":  { "uv": [ 12.2, 3.8, 10.8, 3.1 ], "texture": "#umbrella" },
        "up":    { "uv": [ 3.8, 3.1, 5.2, 3.8 ], "texture": "#umbrella" },
        "north": { "uv": [ 10.8, 6.9, 12.2, 7.25 ], "texture": "#umbrella" },
        "south": { "uv": [ 3.8, 6.9, 5.2, 7.25 ], "texture": "#umbrella" },
        "west":  { "uv": [ 3.1, 6.9, 3.8, 7.25 ], "texture": "#umbrella" },
        "east":  { "uv": [ 12.2, 6.9, 12.9, 7.25 ], "texture": "#umbrella" }
    }
},
{
    "__comment": "base3*",
    "from": [ -2.5, 16.25, -8.8 ],
    "to": [ 5.9, 17.3, -6.7 ],
    "faces": {
        "down":  { "uv": [ 11.5, 3.1, 8.7, 2.4 ], "texture": "#umbrella" },
        "up":    { "uv": [ 4.5, 2.4, 7.3, 3.1 ], "texture": "#umbrella" },
        "north": { "uv": [ 8.7, 6.9, 11.5, 7.25 ], "texture": "#umbrella" },
        "south": { "uv": [ 4.5, 6.9, 7.3, 7.25 ], "texture": "#umbrella" },
        "west":  { "uv": [ 2.4, 6.9, 3.1, 7.25 ], "texture": "#umbrella" },
        "east":  { "uv": [ 12.9, 6.9, 13.6, 7.25 ], "texture": "#umbrella" }
    }
},
{
    "__comment": "base3*",
    "from": [ -8.8, 16.25, -2.5 ],
    "to": [ -6.7, 17.3, 5.9 ],
    "faces": {
        "down":  { "uv": [ 13.6, 7.3, 12.9, 4.5 ], "texture": "#umbrella" },
        "up":    { "uv": [ 2.4, 4.5, 3.1, 7.3 ], "texture": "#umbrella" },
        "north": { "uv": [ 12.9, 6.9, 13.6, 7.25 ], "texture": "#umbrella" },
        "south": { "uv": [ 2.4, 6.9, 3.1, 7.25 ], "texture": "#umbrella" },
        "west":  { "uv": [ 4.5, 6.9, 7.3, 7.25 ], "texture": "#umbrella" },
        "east":  { "uv": [ 8.7, 6.9, 11.5, 7.25 ], "texture": "#umbrella" }
    }
},
{
    "__comment": "base3*",
    "from": [ -6.7, 16.25, -4.6 ],
    "to": [ -4.6, 17.3, -0.4 ],
    "faces": {
        "down":  { "uv": [ 12.9, 5.2, 12.2, 3.8 ], "texture": "#umbrella" },
        "up":    { "uv": [ 3.1, 3.8, 3.8, 5.2 ], "texture": "#umbrella" },
        "north": { "uv": [ 12.2, 6.9, 12.9, 7.25 ], "texture": "#umbrella" },
        "south": { "uv": [ 3.1, 6.9, 3.8, 7.25 ], "texture": "#umbrella" },
        "west":  { "uv": [ 3.8, 6.9, 5.2, 7.25 ], "texture": "#umbrella" },
        "east":  { "uv": [ 10.8, 6.9, 12.2, 7.25 ], "texture": "#umbrella" }
    }
},
{
    "__comment": "base3*",
    "from": [ -4.6, 16.25, -4.6 ],
    "to": [ -2.5, 17.3, -2.5 ],
    "faces": {
        "down":  { "uv": [ 12.2, 4.5, 11.5, 3.8 ], "texture": "#umbrella" },
        "up":    { "uv": [ 3.8, 3.8, 4.5, 4.5 ], "texture": "#umbrella" },
        "north": { "uv": [ 11.5, 6.9, 12.2, 7.25 ], "texture": "#umbrella" },
        "south": { "uv": [ 3.8, 6.9, 4.5, 7.25 ], "texture": "#umbrella" },
        "west":  { "uv": [ 3.8, 6.9, 4.5, 7.25 ], "texture": "#umbrella" },
        "east":  { "uv": [ 11.5, 6.9, 12.2, 7.25 ], "texture": "#umbrella" }
    }
},
{
    "__comment": "base4*",
    "from": [ 5.9, 17.3, 22.7 ],
    "to": [ 10.1, 18.35, 24.8 ],
    "faces": {
        "down":  { "uv": [ 8.7, 13.6, 7.3, 12.9 ], "texture": "#umbrella" },
        "up":    { "uv": [ 7.3, 12.9, 8.7, 13.6 ], "texture": "#umbrella" },
        "north": { "uv": [ 7.3, 6.55, 8.7, 6.9 ], "texture": "#umbrella" },
        "south": { "uv": [ 7.3, 6.55, 8.7, 6.9 ], "texture": "#umbrella" },
        "west":  { "uv": [ 12.9, 6.55, 13.6, 6.9 ], "texture": "#umbrella" },
        "east":  { "uv": [ 2.4, 6.55, 3.1, 6.9 ], "texture": "#umbrella" }
    }
},
{
    "__comment": "base4*",
    "from": [ -8.8, 17.3, 5.9 ],
    "to": [ -6.7, 18.35, 10.1 ],
    "faces": {
        "down":  { "uv": [ 13.6, 8.7, 12.9, 7.3 ], "texture": "#umbrella" },
        "up":    { "uv": [ 2.4, 7.3, 3.1, 8.7 ], "texture": "#umbrella" },
        "north": { "uv": [ 12.9, 6.55, 13.6, 6.9 ], "texture": "#umbrella" },
        "south": { "uv": [ 2.4, 6.55, 3.1, 6.9 ], "texture": "#umbrella" },
        "west":  { "uv": [ 7.3, 6.55, 8.7, 6.9 ], "texture": "#umbrella" },
        "east":  { "uv": [ 7.3, 6.55, 8.7, 6.9 ], "texture": "#umbrella" }
    }
},
{
    "__comment": "base4*",
    "from": [ -2.5, 17.3, 16.4 ],
    "to": [ -0.4, 18.35, 18.5 ],
    "faces": {
        "down":  { "uv": [ 11.5, 11.5, 10.8, 10.8 ], "texture": "#umbrella" },
        "up":    { "uv": [ 4.5, 10.8, 5.2, 11.5 ], "texture": "#umbrella" },
        "north": { "uv": [ 10.8, 6.55, 11.5, 6.9 ], "texture": "#umbrella" },
        "south": { "uv": [ 4.5, 6.55, 5.2, 6.9 ], "texture": "#umbrella" },
        "west":  { "uv": [ 10.8, 6.55, 11.5, 6.9 ], "texture": "#umbrella" },
        "east":  { "uv": [ 4.5, 6.55, 5.2, 6.9 ], "texture": "#umbrella" }
    }
},
{
    "__comment": "base4-1*",
    "from": [ -0.4, 17.3, 20.6 ],
    "to": [ 16.4, 18.35, 22.7 ],
    "faces": {
        "down":  { "uv": [ 10.8, 12.9, 5.2, 12.2 ], "texture": "#umbrella" },
        "up":    { "uv": [ 5.2, 12.2, 10.8, 12.9 ], "texture": "#umbrella" },
        "north": { "uv": [ 5.2, 6.55, 10.8, 6.9 ], "texture": "#umbrella" },
        "south": { "uv": [ 5.2, 6.55, 10.8, 6.9 ], "texture": "#umbrella" },
        "west":  { "uv": [ 12.2, 6.55, 12.9, 6.9 ], "texture": "#umbrella" },
        "east":  { "uv": [ 3.1, 6.55, 3.8, 6.9 ], "texture": "#umbrella" }
    }
},
{
    "__comment": "base4-1*",
    "from": [ 20.6, 17.3, -0.4 ],
    "to": [ 22.7, 18.35, 16.4 ],
    "faces": {
        "down":  { "uv": [ 3.8, 10.8, 3.1, 5.2 ], "texture": "#umbrella" },
        "up":    { "uv": [ 12.2, 5.2, 12.9, 10.8 ], "texture": "#umbrella" },
        "north": { "uv": [ 3.1, 6.55, 3.8, 6.9 ], "texture": "#umbrella" },
        "south": { "uv": [ 12.2, 6.55, 12.9, 6.9 ], "texture": "#umbrella" },
        "west":  { "uv": [ 5.2, 6.55, 10.8, 6.9 ], "texture": "#umbrella" },
        "east":  { "uv": [ 5.2, 6.55, 10.8, 6.9 ], "texture": "#umbrella" }
    }
},
{
    "__comment": "base4*",
    "from": [ -2.5, 17.3, 18.5 ],
    "to": [ 1.7, 18.35, 20.6 ],
    "faces": {
        "down":  { "uv": [ 11.5, 12.2, 10.1, 11.5 ], "texture": "#umbrella" },
        "up":    { "uv": [ 4.5, 11.5, 5.9, 12.2 ], "texture": "#umbrella" },
        "north": { "uv": [ 10.1, 6.55, 11.5, 6.9 ], "texture": "#umbrella" },
        "south": { "uv": [ 4.5, 6.55, 5.9, 6.9 ], "texture": "#umbrella" },
        "west":  { "uv": [ 11.5, 6.55, 12.2, 6.9 ], "texture": "#umbrella" },
        "east":  { "uv": [ 3.8, 6.55, 4.5, 6.9 ], "texture": "#umbrella" }
    }
},
{
    "__comment": "base4*",
    "from": [ -4.6, 17.3, 14.3 ],
    "to": [ -2.5, 18.35, 18.5 ],
    "faces": {
        "down":  { "uv": [ 12.2, 11.5, 11.5, 10.1 ], "texture": "#umbrella" },
        "up":    { "uv": [ 3.8, 10.1, 4.5, 11.5 ], "texture": "#umbrella" },
        "north": { "uv": [ 11.5, 6.55, 12.2, 6.9 ], "texture": "#umbrella" },
        "south": { "uv": [ 3.8, 6.55, 4.5, 6.9 ], "texture": "#umbrella" },
        "west":  { "uv": [ 10.1, 6.55, 11.5, 6.9 ], "texture": "#umbrella" },
        "east":  { "uv": [ 4.5, 6.55, 5.9, 6.9 ], "texture": "#umbrella" }
    }
},
{
    "__comment": "base4-1*",
    "from": [ -0.4, 17.3, -6.7 ],
    "to": [ 16.4, 18.35, -4.6 ],
    "faces": {
        "down":  { "uv": [ 10.8, 3.8, 5.2, 3.1 ], "texture": "#umbrella" },
        "up":    { "uv": [ 5.2, 3.1, 10.8, 3.8 ], "texture": "#umbrella" },
        "north": { "uv": [ 5.2, 6.55, 10.8, 6.9 ], "texture": "#umbrella" },
        "south": { "uv": [ 5.2, 6.55, 10.8, 6.9 ], "texture": "#umbrella" },
        "west":  { "uv": [ 3.1, 6.55, 3.8, 6.9 ], "texture": "#umbrella" },
        "east":  { "uv": [ 12.2, 6.55, 12.9, 6.9 ], "texture": "#umbrella" }
    }
},
{
    "__comment": "base4-1*",
    "from": [ -6.7, 17.3, -0.4 ],
    "to": [ -4.6, 18.35, 16.4 ],
    "faces": {
        "down":  { "uv": [ 12.9, 10.8, 12.2, 5.2 ], "texture": "#umbrella" },
        "up":    { "uv": [ 3.1, 5.2, 3.8, 10.8 ], "texture": "#umbrella" },
        "north": { "uv": [ 12.2, 6.55, 12.9, 6.9 ], "texture": "#umbrella" },
        "south": { "uv": [ 3.1, 6.55, 3.8, 6.9 ], "texture": "#umbrella" },
        "west":  { "uv": [ 5.2, 6.55, 10.8, 6.9 ], "texture": "#umbrella" },
        "east":  { "uv": [ 5.2, 6.55, 10.8, 6.9 ], "texture": "#umbrella" }
    }
},
{
    "__comment": "base4*",
    "from": [ -8.8, 17.3, 5.9 ],
    "to": [ -6.7, 18.35, 10.1 ],
    "faces": {
        "down":  { "uv": [ 13.6, 8.7, 12.9, 7.3 ], "texture": "#umbrella" },
        "up":    { "uv": [ 2.4, 7.3, 3.1, 8.7 ], "texture": "#umbrella" },
        "north": { "uv": [ 12.9, 6.55, 13.6, 6.9 ], "texture": "#umbrella" },
        "south": { "uv": [ 2.4, 6.55, 3.1, 6.9 ], "texture": "#umbrella" },
        "west":  { "uv": [ 7.3, 6.55, 8.7, 6.9 ], "texture": "#umbrella" },
        "east":  { "uv": [ 7.3, 6.55, 8.7, 6.9 ], "texture": "#umbrella" }
    }
},
{
    "__comment": "base4*",
    "from": [ 5.9, 17.3, -8.8 ],
    "to": [ 10.1, 18.35, -6.7 ],
    "faces": {
        "down":  { "uv": [ 8.7, 3.1, 7.3, 2.4 ], "texture": "#umbrella" },
        "up":    { "uv": [ 7.3, 2.4, 8.7, 3.1 ], "texture": "#umbrella" },
        "north": { "uv": [ 7.3, 6.55, 8.7, 6.9 ], "texture": "#umbrella" },
        "south": { "uv": [ 7.3, 6.55, 8.7, 6.9 ], "texture": "#umbrella" },
        "west":  { "uv": [ 2.4, 6.55, 3.1, 6.9 ], "texture": "#umbrella" },
        "east":  { "uv": [ 12.9, 6.55, 13.6, 6.9 ], "texture": "#umbrella" }
    }
},
{
    "__comment": "base4*",
    "from": [ -2.5, 17.3, -2.5 ],
    "to": [ -0.4, 18.35, -0.4 ],
    "faces": {
        "down":  { "uv": [ 11.5, 5.2, 10.8, 4.5 ], "texture": "#umbrella" },
        "up":    { "uv": [ 4.5, 4.5, 5.2, 5.2 ], "texture": "#umbrella" },
        "north": { "uv": [ 10.8, 6.55, 11.5, 6.9 ], "texture": "#umbrella" },
        "south": { "uv": [ 4.5, 6.55, 5.2, 6.9 ], "texture": "#umbrella" },
        "west":  { "uv": [ 4.5, 6.55, 5.2, 6.9 ], "texture": "#umbrella" },
        "east":  { "uv": [ 10.8, 6.55, 11.5, 6.9 ], "texture": "#umbrella" }
    }
},
{
    "__comment": "base4*",
    "from": [ -4.6, 17.3, -2.5 ],
    "to": [ -2.5, 18.35, 1.7 ],
    "faces": {
        "down":  { "uv": [ 12.2, 5.9, 11.5, 4.5 ], "texture": "#umbrella" },
        "up":    { "uv": [ 3.8, 4.5, 4.5, 5.9 ], "texture": "#umbrella" },
        "north": { "uv": [ 11.5, 6.55, 12.2, 6.9 ], "texture": "#umbrella" },
        "south": { "uv": [ 3.8, 6.55, 4.5, 6.9 ], "texture": "#umbrella" },
        "west":  { "uv": [ 4.5, 6.55, 5.9, 6.9 ], "texture": "#umbrella" },
        "east":  { "uv": [ 10.1, 6.55, 11.5, 6.9 ], "texture": "#umbrella" }
    }
},
{
    "__comment": "base4*",
    "from": [ -2.5, 17.3, -4.6 ],
    "to": [ 1.7, 18.35, -2.5 ],
    "faces": {
        "down":  { "uv": [ 11.5, 4.5, 10.1, 3.8 ], "texture": "#umbrella" },
        "up":    { "uv": [ 4.5, 3.8, 5.9, 4.5 ], "texture": "#umbrella" },
        "north": { "uv": [ 10.1, 6.55, 11.5, 6.9 ], "texture": "#umbrella" },
        "south": { "uv": [ 4.5, 6.55, 5.9, 6.9 ], "texture": "#umbrella" },
        "west":  { "uv": [ 3.8, 6.55, 4.5, 6.9 ], "texture": "#umbrella" },
        "east":  { "uv": [ 11.5, 6.55, 12.2, 6.9 ], "texture": "#umbrella" }
    }
},
{
    "__comment": "base4*",
    "from": [ 5.9, 17.3, -8.8 ],
    "to": [ 10.1, 18.35, -6.7 ],
    "faces": {
        "down":  { "uv": [ 8.7, 3.1, 7.3, 2.4 ], "texture": "#umbrella" },
        "up":    { "uv": [ 7.3, 2.4, 8.7, 3.1 ], "texture": "#umbrella" },
        "north": { "uv": [ 7.3, 6.55, 8.7, 6.9 ], "texture": "#umbrella" },
        "south": { "uv": [ 7.3, 6.55, 8.7, 6.9 ], "texture": "#umbrella" },
        "west":  { "uv": [ 2.4, 6.55, 3.1, 6.9 ], "texture": "#umbrella" },
        "east":  { "uv": [ 12.9, 6.55, 13.6, 6.9 ], "texture": "#umbrella" }
    }
},
{
    "__comment": "base4*",
    "from": [ 22.7, 17.3, 5.9 ],
    "to": [ 24.8, 18.35, 10.1 ],
    "faces": {
        "down":  { "uv": [ 3.1, 8.7, 2.4, 7.3 ], "texture": "#umbrella" },
        "up":    { "uv": [ 12.9, 7.3, 13.6, 8.7 ], "texture": "#umbrella" },
        "north": { "uv": [ 2.4, 6.55, 3.1, 6.9 ], "texture": "#umbrella" },
        "south": { "uv": [ 12.9, 6.55, 13.6, 6.9 ], "texture": "#umbrella" },
        "west":  { "uv": [ 7.3, 6.55, 8.7, 6.9 ], "texture": "#umbrella" },
        "east":  { "uv": [ 7.3, 6.55, 8.7, 6.9 ], "texture": "#umbrella" }
    }
},
{
    "__comment": "base4*",
    "from": [ 16.4, 17.3, 16.4 ],
    "to": [ 18.5, 18.35, 18.5 ],
    "faces": {
        "down":  { "uv": [ 5.2, 11.5, 4.5, 10.8 ], "texture": "#umbrella" },
        "up":    { "uv": [ 10.8, 10.8, 11.5, 11.5 ], "texture": "#umbrella" },
        "north": { "uv": [ 4.5, 6.55, 5.2, 6.9 ], "texture": "#umbrella" },
        "south": { "uv": [ 10.8, 6.55, 11.5, 6.9 ], "texture": "#umbrella" },
        "west":  { "uv": [ 10.8, 6.55, 11.5, 6.9 ], "texture": "#umbrella" },
        "east":  { "uv": [ 4.5, 6.55, 5.2, 6.9 ], "texture": "#umbrella" }
    }
},
{
    "__comment": "base4*",
    "from": [ 14.3, 17.3, 18.5 ],
    "to": [ 18.5, 18.35, 20.6 ],
    "faces": {
        "down":  { "uv": [ 5.9, 12.2, 4.5, 11.5 ], "texture": "#umbrella" },
        "up":    { "uv": [ 10.1, 11.5, 11.5, 12.2 ], "texture": "#umbrella" },
        "north": { "uv": [ 4.5, 6.55, 5.9, 6.9 ], "texture": "#umbrella" },
        "south": { "uv": [ 10.1, 6.55, 11.5, 6.9 ], "texture": "#umbrella" },
        "west":  { "uv": [ 11.5, 6.55, 12.2, 6.9 ], "texture": "#umbrella" },
        "east":  { "uv": [ 3.8, 6.55, 4.5, 6.9 ], "texture": "#umbrella" }
    }
},
{
    "__comment": "base4*",
    "from": [ 18.5, 17.3, -2.5 ],
    "to": [ 20.6, 18.35, 1.7 ],
    "faces": {
        "down":  { "uv": [ 4.5, 5.9, 3.8, 4.5 ], "texture": "#umbrella" },
        "up":    { "uv": [ 11.5, 4.5, 12.2, 5.9 ], "texture": "#umbrella" },
        "north": { "uv": [ 3.8, 6.55, 4.5, 6.9 ], "texture": "#umbrella" },
        "south": { "uv": [ 11.5, 6.55, 12.2, 6.9 ], "texture": "#umbrella" },
        "west":  { "uv": [ 4.5, 6.55, 5.9, 6.9 ], "texture": "#umbrella" },
        "east":  { "uv": [ 10.1, 6.55, 11.5, 6.9 ], "texture": "#umbrella" }
    }
},
{
    "__comment": "base4*",
    "from": [ 18.5, 17.3, 14.3 ],
    "to": [ 20.6, 18.35, 18.5 ],
    "faces": {
        "down":  { "uv": [ 4.5, 11.5, 3.8, 10.1 ], "texture": "#umbrella" },
        "up":    { "uv": [ 11.5, 10.1, 12.2, 11.5 ], "texture": "#umbrella" },
        "north": { "uv": [ 3.8, 6.55, 4.5, 6.9 ], "texture": "#umbrella" },
        "south": { "uv": [ 11.5, 6.55, 12.2, 6.9 ], "texture": "#umbrella" },
        "west":  { "uv": [ 10.1, 6.55, 11.5, 6.9 ], "texture": "#umbrella" },
        "east":  { "uv": [ 4.5, 6.55, 5.9, 6.9 ], "texture": "#umbrella" }
    }
},
{
    "__comment": "base4*",
    "from": [ 14.3, 17.3, -4.6 ],
    "to": [ 18.5, 18.35, -2.5 ],
    "faces": {
        "down":  { "uv": [ 5.9, 4.5, 4.5, 3.8 ], "texture": "#umbrella" },
        "up":    { "uv": [ 10.1, 3.8, 11.5, 4.5 ], "texture": "#umbrella" },
        "north": { "uv": [ 4.5, 6.55, 5.9, 6.9 ], "texture": "#umbrella" },
        "south": { "uv": [ 10.1, 6.55, 11.5, 6.9 ], "texture": "#umbrella" },
        "west":  { "uv": [ 3.8, 6.55, 4.5, 6.9 ], "texture": "#umbrella" },
        "east":  { "uv": [ 11.5, 6.55, 12.2, 6.9 ], "texture": "#umbrella" }
    }
},
{
    "__comment": "base4*",
    "from": [ 16.4, 17.3, -2.5 ],
    "to": [ 18.5, 18.35, -0.4 ],
    "faces": {
        "down":  { "uv": [ 5.2, 5.2, 4.5, 4.5 ], "texture": "#umbrella" },
        "up":    { "uv": [ 10.8, 4.5, 11.5, 5.2 ], "texture": "#umbrella" },
        "north": { "uv": [ 4.5, 6.55, 5.2, 6.9 ], "texture": "#umbrella" },
        "south": { "uv": [ 10.8, 6.55, 11.5, 6.9 ], "texture": "#umbrella" },
        "west":  { "uv": [ 4.5, 6.55, 5.2, 6.9 ], "texture": "#umbrella" },
        "east":  { "uv": [ 10.8, 6.55, 11.5, 6.9 ], "texture": "#umbrella" }
    }
},
{
    "__comment": "base5*",
    "from": [ -4.6, 18.35, 1.7 ],
    "to": [ -2.5, 19.4, 14.3 ],
    "faces": {
        "down":  { "uv": [ 12.2, 10.1, 11.5, 5.9 ], "texture": "#umbrella" },
        "up":    { "uv": [ 3.8, 5.9, 4.5, 10.1 ], "texture": "#umbrella" },
        "north": { "uv": [ 11.5, 6.2, 12.2, 6.55 ], "texture": "#umbrella" },
        "south": { "uv": [ 3.8, 6.2, 4.5, 6.55 ], "texture": "#umbrella" },
        "west":  { "uv": [ 5.9, 6.2, 10.1, 6.55 ], "texture": "#umbrella" },
        "east":  { "uv": [ 5.9, 6.2, 10.1, 6.55 ], "texture": "#umbrella" }
    }
},
{
    "__comment": "base5*",
    "from": [ 18.5, 18.35, 1.7 ],
    "to": [ 20.6, 19.4, 14.3 ],
    "faces": {
        "down":  { "uv": [ 4.5, 10.1, 3.8, 5.9 ], "texture": "#umbrella" },
        "up":    { "uv": [ 11.5, 5.9, 12.2, 10.1 ], "texture": "#umbrella" },
        "north": { "uv": [ 3.8, 6.2, 4.5, 6.55 ], "texture": "#umbrella" },
        "south": { "uv": [ 11.5, 6.2, 12.2, 6.55 ], "texture": "#umbrella" },
        "west":  { "uv": [ 5.9, 6.2, 10.1, 6.55 ], "texture": "#umbrella" },
        "east":  { "uv": [ 5.9, 6.2, 10.1, 6.55 ], "texture": "#umbrella" }
    }
},
{
    "__comment": "base5*",
    "from": [ 1.7, 18.35, -4.6 ],
    "to": [ 14.3, 19.4, -2.5 ],
    "faces": {
        "down":  { "uv": [ 10.1, 4.5, 5.9, 3.8 ], "texture": "#umbrella" },
        "up":    { "uv": [ 5.9, 3.8, 10.1, 4.5 ], "texture": "#umbrella" },
        "north": { "uv": [ 5.9, 6.2, 10.1, 6.55 ], "texture": "#umbrella" },
        "south": { "uv": [ 5.9, 6.2, 10.1, 6.55 ], "texture": "#umbrella" },
        "west":  { "uv": [ 3.8, 6.2, 4.5, 6.55 ], "texture": "#umbrella" },
        "east":  { "uv": [ 11.5, 6.2, 12.2, 6.55 ], "texture": "#umbrella" }
    }
},
{
    "__comment": "base5*",
    "from": [ 1.7, 18.35, 18.5 ],
    "to": [ 14.3, 19.4, 20.6 ],
    "faces": {
        "down":  { "uv": [ 10.1, 12.2, 5.9, 11.5 ], "texture": "#umbrella" },
        "up":    { "uv": [ 5.9, 11.5, 10.1, 12.2 ], "texture": "#umbrella" },
        "north": { "uv": [ 5.9, 6.2, 10.1, 6.55 ], "texture": "#umbrella" },
        "south": { "uv": [ 5.9, 6.2, 10.1, 6.55 ], "texture": "#umbrella" },
        "west":  { "uv": [ 11.5, 6.2, 12.2, 6.55 ], "texture": "#umbrella" },
        "east":  { "uv": [ 3.8, 6.2, 4.5, 6.55 ], "texture": "#umbrella" }
    }
},
{
    "__comment": "base5*",
    "from": [ -2.5, 18.35, -0.4 ],
    "to": [ -0.4, 19.4, 3.8 ],
    "faces": {
        "down":  { "uv": [ 11.5, 6.6, 10.8, 5.2 ], "texture": "#umbrella" },
        "up":    { "uv": [ 4.5, 5.2, 5.2, 6.6 ], "texture": "#umbrella" },
        "north": { "uv": [ 10.8, 6.2, 11.5, 6.55 ], "texture": "#umbrella" },
        "south": { "uv": [ 4.5, 6.2, 5.2, 6.55 ], "texture": "#umbrella" },
        "west":  { "uv": [ 5.2, 6.2, 6.6, 6.55 ], "texture": "#umbrella" },
        "east":  { "uv": [ 9.4, 6.2, 10.8, 6.55 ], "texture": "#umbrella" }
    }
},
{
    "__comment": "base5*",
    "from": [ -0.4, 18.35, 14.3 ],
    "to": [ 1.7, 19.4, 16.4 ],
    "faces": {
        "down":  { "uv": [ 10.8, 10.8, 10.1, 10.1 ], "texture": "#umbrella" },
        "up":    { "uv": [ 5.2, 10.1, 5.9, 10.8 ], "texture": "#umbrella" },
        "north": { "uv": [ 10.1, 6.2, 10.8, 6.55 ], "texture": "#umbrella" },
        "south": { "uv": [ 5.2, 6.2, 5.9, 6.55 ], "texture": "#umbrella" },
        "west":  { "uv": [ 10.1, 6.2, 10.8, 6.55 ], "texture": "#umbrella" },
        "east":  { "uv": [ 5.2, 6.2, 5.9, 6.55 ], "texture": "#umbrella" }
    }
},
{
    "__comment": "base5*",
    "from": [ -0.4, 18.35, 16.4 ],
    "to": [ 3.8, 19.4, 18.5 ],
    "faces": {
        "down":  { "uv": [ 10.8, 11.5, 9.4, 10.8 ], "texture": "#umbrella" },
        "up":    { "uv": [ 5.2, 10.8, 6.6, 11.5 ], "texture": "#umbrella" },
        "north": { "uv": [ 9.4, 6.2, 10.8, 6.55 ], "texture": "#umbrella" },
        "south": { "uv": [ 5.2, 6.2, 6.6, 6.55 ], "texture": "#umbrella" },
        "west":  { "uv": [ 10.8, 6.2, 11.5, 6.55 ], "texture": "#umbrella" },
        "east":  { "uv": [ 4.5, 6.2, 5.2, 6.55 ], "texture": "#umbrella" }
    }
},
{
    "__comment": "base5*",
    "from": [ 16.4, 18.35, -0.4 ],
    "to": [ 18.5, 19.4, 3.8 ],
    "faces": {
        "down":  { "uv": [ 5.2, 6.6, 4.5, 5.2 ], "texture": "#umbrella" },
        "up":    { "uv": [ 10.8, 5.2, 11.5, 6.6 ], "texture": "#umbrella" },
        "north": { "uv": [ 4.5, 6.2, 5.2, 6.55 ], "texture": "#umbrella" },
        "south": { "uv": [ 10.8, 6.2, 11.5, 6.55 ], "texture": "#umbrella" },
        "west":  { "uv": [ 5.2, 6.2, 6.6, 6.55 ], "texture": "#umbrella" },
        "east":  { "uv": [ 9.4, 6.2, 10.8, 6.55 ], "texture": "#umbrella" }
    }
},
{
    "__comment": "base5*",
    "from": [ 14.3, 18.35, -0.4 ],
    "to": [ 16.4, 19.4, 1.7 ],
    "faces": {
        "down":  { "uv": [ 5.9, 5.9, 5.2, 5.2 ], "texture": "#umbrella" },
        "up":    { "uv": [ 10.1, 5.2, 10.8, 5.9 ], "texture": "#umbrella" },
        "north": { "uv": [ 5.2, 6.2, 5.9, 6.55 ], "texture": "#umbrella" },
        "south": { "uv": [ 10.1, 6.2, 10.8, 6.55 ], "texture": "#umbrella" },
        "west":  { "uv": [ 5.2, 6.2, 5.9, 6.55 ], "texture": "#umbrella" },
        "east":  { "uv": [ 10.1, 6.2, 10.8, 6.55 ], "texture": "#umbrella" }
    }
},
{
    "__comment": "base5*",
    "from": [ 12.2, 18.35, -2.5 ],
    "to": [ 16.4, 19.4, -0.4 ],
    "faces": {
        "down":  { "uv": [ 6.6, 5.2, 5.2, 4.5 ], "texture": "#umbrella" },
        "up":    { "uv": [ 9.4, 4.5, 10.8, 5.2 ], "texture": "#umbrella" },
        "north": { "uv": [ 5.2, 6.2, 6.6, 6.55 ], "texture": "#umbrella" },
        "south": { "uv": [ 9.4, 6.2, 10.8, 6.55 ], "texture": "#umbrella" },
        "west":  { "uv": [ 4.5, 6.2, 5.2, 6.55 ], "texture": "#umbrella" },
        "east":  { "uv": [ 10.8, 6.2, 11.5, 6.55 ], "texture": "#umbrella" }
    }
},
{
    "__comment": "base5*",
    "from": [ -2.5, 18.35, 12.2 ],
    "to": [ -0.4, 19.4, 16.4 ],
    "faces": {
        "down":  { "uv": [ 11.5, 10.8, 10.8, 9.4 ], "texture": "#umbrella" },
        "up":    { "uv": [ 4.5, 9.4, 5.2, 10.8 ], "texture": "#umbrella" },
        "north": { "uv": [ 10.8, 6.2, 11.5, 6.55 ], "texture": "#umbrella" },
        "south": { "uv": [ 4.5, 6.2, 5.2, 6.55 ], "texture": "#umbrella" },
        "west":  { "uv": [ 9.4, 6.2, 10.8, 6.55 ], "texture": "#umbrella" },
        "east":  { "uv": [ 5.2, 6.2, 6.6, 6.55 ], "texture": "#umbrella" }
    }
},
{
    "__comment": "base5*",
    "from": [ -0.4, 18.35, -0.4 ],
    "to": [ 1.7, 19.4, 1.7 ],
    "faces": {
        "down":  { "uv": [ 10.8, 5.9, 10.1, 5.2 ], "texture": "#umbrella" },
        "up":    { "uv": [ 5.2, 5.2, 5.9, 5.9 ], "texture": "#umbrella" },
        "north": { "uv": [ 10.1, 6.2, 10.8, 6.55 ], "texture": "#umbrella" },
        "south": { "uv": [ 5.2, 6.2, 5.9, 6.55 ], "texture": "#umbrella" },
        "west":  { "uv": [ 5.2, 6.2, 5.9, 6.55 ], "texture": "#umbrella" },
        "east":  { "uv": [ 10.1, 6.2, 10.8, 6.55 ], "texture": "#umbrella" }
    }
},
{
    "__comment": "base5*",
    "from": [ -0.4, 18.35, -2.5 ],
    "to": [ 3.8, 19.4, -0.4 ],
    "faces": {
        "down":  { "uv": [ 10.8, 5.2, 9.4, 4.5 ], "texture": "#umbrella" },
        "up":    { "uv": [ 5.2, 4.5, 6.6, 5.2 ], "texture": "#umbrella" },
        "north": { "uv": [ 9.4, 6.2, 10.8, 6.55 ], "texture": "#umbrella" },
        "south": { "uv": [ 5.2, 6.2, 6.6, 6.55 ], "texture": "#umbrella" },
        "west":  { "uv": [ 4.5, 6.2, 5.2, 6.55 ], "texture": "#umbrella" },
        "east":  { "uv": [ 10.8, 6.2, 11.5, 6.55 ], "texture": "#umbrella" }
    }
},
{
    "__comment": "base5*",
    "from": [ 12.2, 18.35, 16.4 ],
    "to": [ 16.4, 19.4, 18.5 ],
    "faces": {
        "down":  { "uv": [ 6.6, 11.5, 5.2, 10.8 ], "texture": "#umbrella" },
        "up":    { "uv": [ 9.4, 10.8, 10.8, 11.5 ], "texture": "#umbrella" },
        "north": { "uv": [ 5.2, 6.2, 6.6, 6.55 ], "texture": "#umbrella" },
        "south": { "uv": [ 9.4, 6.2, 10.8, 6.55 ], "texture": "#umbrella" },
        "west":  { "uv": [ 10.8, 6.2, 11.5, 6.55 ], "texture": "#umbrella" },
        "east":  { "uv": [ 4.5, 6.2, 5.2, 6.55 ], "texture": "#umbrella" }
    }
},
{
    "__comment": "base5*",
    "from": [ 16.4, 18.35, 12.2 ],
    "to": [ 18.5, 19.4, 16.4 ],
    "faces": {
        "down":  { "uv": [ 5.2, 10.8, 4.5, 9.4 ], "texture": "#umbrella" },
        "up":    { "uv": [ 10.8, 9.4, 11.5, 10.8 ], "texture": "#umbrella" },
        "north": { "uv": [ 4.5, 6.2, 5.2, 6.55 ], "texture": "#umbrella" },
        "south": { "uv": [ 10.8, 6.2, 11.5, 6.55 ], "texture": "#umbrella" },
        "west":  { "uv": [ 9.4, 6.2, 10.8, 6.55 ], "texture": "#umbrella" },
        "east":  { "uv": [ 5.2, 6.2, 6.6, 6.55 ], "texture": "#umbrella" }
    }
},
{
    "__comment": "base5*",
    "from": [ 14.3, 18.35, 14.3 ],
    "to": [ 16.4, 19.4, 16.4 ],
    "faces": {
        "down":  { "uv": [ 5.9, 10.8, 5.2, 10.1 ], "texture": "#umbrella" },
        "up":    { "uv": [ 10.1, 10.1, 10.8, 10.8 ], "texture": "#umbrella" },
        "north": { "uv": [ 5.2, 6.2, 5.9, 6.55 ], "texture": "#umbrella" },
        "south": { "uv": [ 10.1, 6.2, 10.8, 6.55 ], "texture": "#umbrella" },
        "west":  { "uv": [ 10.1, 6.2, 10.8, 6.55 ], "texture": "#umbrella" },
        "east":  { "uv": [ 5.2, 6.2, 5.9, 6.55 ], "texture": "#umbrella" }
    }
},
{
    "__comment": "base6*",
    "from": [ 3.8, 19.4, 16.4 ],
    "to": [ 12.2, 20.45, 18.5 ],
    "faces": {
        "down":  { "uv": [ 9.4, 11.5, 6.6, 10.8 ], "texture": "#umbrella" },
        "up":    { "uv": [ 6.6, 10.8, 9.4, 11.5 ], "texture": "#umbrella" },
        "north": { "uv": [ 6.6, 5.85, 9.4, 6.2 ], "texture": "#umbrella" },
        "south": { "uv": [ 6.6, 5.85, 9.4, 6.2 ], "texture": "#umbrella" },
        "west":  { "uv": [ 10.8, 5.85, 11.5, 6.2 ], "texture": "#umbrella" },
        "east":  { "uv": [ 4.5, 5.85, 5.2, 6.2 ], "texture": "#umbrella" }
    }
},
{
    "__comment": "base6*",
    "from": [ -2.5, 19.4, 3.8 ],
    "to": [ -0.4, 20.45, 12.2 ],
    "faces": {
        "down":  { "uv": [ 11.5, 9.4, 10.8, 6.6 ], "texture": "#umbrella" },
        "up":    { "uv": [ 4.5, 6.6, 5.2, 9.4 ], "texture": "#umbrella" },
        "north": { "uv": [ 10.8, 5.85, 11.5, 6.2 ], "texture": "#umbrella" },
        "south": { "uv": [ 4.5, 5.85, 5.2, 6.2 ], "texture": "#umbrella" },
        "west":  { "uv": [ 6.6, 5.85, 9.4, 6.2 ], "texture": "#umbrella" },
        "east":  { "uv": [ 6.6, 5.85, 9.4, 6.2 ], "texture": "#umbrella" }
    }
},
{
    "__comment": "base6*",
    "from": [ 1.7, 19.4, 14.3 ],
    "to": [ 5.9, 20.45, 16.4 ],
    "faces": {
        "down":  { "uv": [ 10.1, 10.8, 8.7, 10.1 ], "texture": "#umbrella" },
        "up":    { "uv": [ 5.9, 10.1, 7.3, 10.8 ], "texture": "#umbrella" },
        "north": { "uv": [ 8.7, 5.85, 10.1, 6.2 ], "texture": "#umbrella" },
        "south": { "uv": [ 5.9, 5.85, 7.3, 6.2 ], "texture": "#umbrella" },
        "west":  { "uv": [ 10.1, 5.85, 10.8, 6.2 ], "texture": "#umbrella" },
        "east":  { "uv": [ 5.2, 5.85, 5.9, 6.2 ], "texture": "#umbrella" }
    }
},
{
    "__comment": "base6*",
    "from": [ -0.4, 19.4, 10.1 ],
    "to": [ 1.7, 20.45, 14.3 ],
    "faces": {
        "down":  { "uv": [ 10.8, 10.1, 10.1, 8.7 ], "texture": "#umbrella" },
        "up":    { "uv": [ 5.2, 8.7, 5.9, 10.1 ], "texture": "#umbrella" },
        "north": { "uv": [ 10.1, 5.85, 10.8, 6.2 ], "texture": "#umbrella" },
        "south": { "uv": [ 5.2, 5.85, 5.9, 6.2 ], "texture": "#umbrella" },
        "west":  { "uv": [ 8.7, 5.85, 10.1, 6.2 ], "texture": "#umbrella" },
        "east":  { "uv": [ 5.9, 5.85, 7.3, 6.2 ], "texture": "#umbrella" }
    }
},
{
    "__comment": "base6*",
    "from": [ 1.7, 19.4, 12.2 ],
    "to": [ 3.8, 20.45, 14.3 ],
    "faces": {
        "down":  { "uv": [ 10.1, 10.1, 9.4, 9.4 ], "texture": "#umbrella" },
        "up":    { "uv": [ 5.9, 9.4, 6.6, 10.1 ], "texture": "#umbrella" },
        "north": { "uv": [ 9.4, 5.85, 10.1, 6.2 ], "texture": "#umbrella" },
        "south": { "uv": [ 5.9, 5.85, 6.6, 6.2 ], "texture": "#umbrella" },
        "west":  { "uv": [ 9.4, 5.85, 10.1, 6.2 ], "texture": "#umbrella" },
        "east":  { "uv": [ 5.9, 5.85, 6.6, 6.2 ], "texture": "#umbrella" }
    }
},
{
    "__comment": "base6*",
    "from": [ 16.4, 19.4, 3.8 ],
    "to": [ 18.5, 20.45, 12.2 ],
    "faces": {
        "down":  { "uv": [ 5.2, 9.4, 4.5, 6.6 ], "texture": "#umbrella" },
        "up":    { "uv": [ 10.8, 6.6, 11.5, 9.4 ], "texture": "#umbrella" },
        "north": { "uv": [ 4.5, 5.85, 5.2, 6.2 ], "texture": "#umbrella" },
        "south": { "uv": [ 10.8, 5.85, 11.5, 6.2 ], "texture": "#umbrella" },
        "west":  { "uv": [ 6.6, 5.85, 9.4, 6.2 ], "texture": "#umbrella" },
        "east":  { "uv": [ 6.6, 5.85, 9.4, 6.2 ], "texture": "#umbrella" }
    }
},
{
    "__comment": "base6*",
    "from": [ 10.1, 19.4, -0.4 ],
    "to": [ 14.3, 20.45, 1.7 ],
    "faces": {
        "down":  { "uv": [ 7.3, 5.9, 5.9, 5.2 ], "texture": "#umbrella" },
        "up":    { "uv": [ 8.7, 5.2, 10.1, 5.9 ], "texture": "#umbrella" },
        "north": { "uv": [ 5.9, 5.85, 7.3, 6.2 ], "texture": "#umbrella" },
        "south": { "uv": [ 8.7, 5.85, 10.1, 6.2 ], "texture": "#umbrella" },
        "west":  { "uv": [ 5.2, 5.85, 5.9, 6.2 ], "texture": "#umbrella" },
        "east":  { "uv": [ 10.1, 5.85, 10.8, 6.2 ], "texture": "#umbrella" }
    }
},
{
    "__comment": "base6*",
    "from": [ 14.3, 19.4, 1.7 ],
    "to": [ 16.4, 20.45, 5.9 ],
    "faces": {
        "down":  { "uv": [ 5.9, 7.3, 5.2, 5.9 ], "texture": "#umbrella" },
        "up":    { "uv": [ 10.1, 5.9, 10.8, 7.3 ], "texture": "#umbrella" },
        "north": { "uv": [ 5.2, 5.85, 5.9, 6.2 ], "texture": "#umbrella" },
        "south": { "uv": [ 10.1, 5.85, 10.8, 6.2 ], "texture": "#umbrella" },
        "west":  { "uv": [ 5.9, 5.85, 7.3, 6.2 ], "texture": "#umbrella" },
        "east":  { "uv": [ 8.7, 5.85, 10.1, 6.2 ], "texture": "#umbrella" }
    }
},
{
    "__comment": "base6*",
    "from": [ 12.2, 19.4, 1.7 ],
    "to": [ 14.3, 20.45, 3.8 ],
    "faces": {
        "down":  { "uv": [ 6.6, 6.6, 5.9, 5.9 ], "texture": "#umbrella" },
        "up":    { "uv": [ 9.4, 5.9, 10.1, 6.6 ], "texture": "#umbrella" },
        "north": { "uv": [ 5.9, 5.85, 6.6, 6.2 ], "texture": "#umbrella" },
        "south": { "uv": [ 9.4, 5.85, 10.1, 6.2 ], "texture": "#umbrella" },
        "west":  { "uv": [ 5.9, 5.85, 6.6, 6.2 ], "texture": "#umbrella" },
        "east":  { "uv": [ 9.4, 5.85, 10.1, 6.2 ], "texture": "#umbrella" }
    }
},
{
    "__comment": "base6*",
    "from": [ 14.3, 19.4, 10.1 ],
    "to": [ 16.4, 20.45, 14.3 ],
    "faces": {
        "down":  { "uv": [ 5.9, 10.1, 5.2, 8.7 ], "texture": "#umbrella" },
        "up":    { "uv": [ 10.1, 8.7, 10.8, 10.1 ], "texture": "#umbrella" },
        "north": { "uv": [ 5.2, 5.85, 5.9, 6.2 ], "texture": "#umbrella" },
        "south": { "uv": [ 10.1, 5.85, 10.8, 6.2 ], "texture": "#umbrella" },
        "west":  { "uv": [ 8.7, 5.85, 10.1, 6.2 ], "texture": "#umbrella" },
        "east":  { "uv": [ 5.9, 5.85, 7.3, 6.2 ], "texture": "#umbrella" }
    }
},
{
    "__comment": "base6*",
    "from": [ 10.1, 19.4, 14.3 ],
    "to": [ 14.3, 20.45, 16.4 ],
    "faces": {
        "down":  { "uv": [ 7.3, 10.8, 5.9, 10.1 ], "texture": "#umbrella" },
        "up":    { "uv": [ 8.7, 10.1, 10.1, 10.8 ], "texture": "#umbrella" },
        "north": { "uv": [ 5.9, 5.85, 7.3, 6.2 ], "texture": "#umbrella" },
        "south": { "uv": [ 8.7, 5.85, 10.1, 6.2 ], "texture": "#umbrella" },
        "west":  { "uv": [ 10.1, 5.85, 10.8, 6.2 ], "texture": "#umbrella" },
        "east":  { "uv": [ 5.2, 5.85, 5.9, 6.2 ], "texture": "#umbrella" }
    }
},
{
    "__comment": "base6*",
    "from": [ 12.2, 19.4, 12.2 ],
    "to": [ 14.3, 20.45, 14.3 ],
    "faces": {
        "down":  { "uv": [ 6.6, 10.1, 5.9, 9.4 ], "texture": "#umbrella" },
        "up":    { "uv": [ 9.4, 9.4, 10.1, 10.1 ], "texture": "#umbrella" },
        "north": { "uv": [ 5.9, 5.85, 6.6, 6.2 ], "texture": "#umbrella" },
        "south": { "uv": [ 9.4, 5.85, 10.1, 6.2 ], "texture": "#umbrella" },
        "west":  { "uv": [ 9.4, 5.85, 10.1, 6.2 ], "texture": "#umbrella" },
        "east":  { "uv": [ 5.9, 5.85, 6.6, 6.2 ], "texture": "#umbrella" }
    }
},
{
    "__comment": "base6*",
    "from": [ -0.4, 19.4, 1.7 ],
    "to": [ 1.7, 20.45, 5.9 ],
    "faces": {
        "down":  { "uv": [ 10.8, 7.3, 10.1, 5.9 ], "texture": "#umbrella" },
        "up":    { "uv": [ 5.2, 5.9, 5.9, 7.3 ], "texture": "#umbrella" },
        "north": { "uv": [ 10.1, 5.85, 10.8, 6.2 ], "texture": "#umbrella" },
        "south": { "uv": [ 5.2, 5.85, 5.9, 6.2 ], "texture": "#umbrella" },
        "west":  { "uv": [ 5.9, 5.85, 7.3, 6.2 ], "texture": "#umbrella" },
        "east":  { "uv": [ 8.7, 5.85, 10.1, 6.2 ], "texture": "#umbrella" }
    }
},
{
    "__comment": "base6*",
    "from": [ 1.7, 19.4, -0.4 ],
    "to": [ 5.9, 20.45, 1.7 ],
    "faces": {
        "down":  { "uv": [ 10.1, 5.9, 8.7, 5.2 ], "texture": "#umbrella" },
        "up":    { "uv": [ 5.9, 5.2, 7.3, 5.9 ], "texture": "#umbrella" },
        "north": { "uv": [ 8.7, 5.85, 10.1, 6.2 ], "texture": "#umbrella" },
        "south": { "uv": [ 5.9, 5.85, 7.3, 6.2 ], "texture": "#umbrella" },
        "west":  { "uv": [ 5.2, 5.85, 5.9, 6.2 ], "texture": "#umbrella" },
        "east":  { "uv": [ 10.1, 5.85, 10.8, 6.2 ], "texture": "#umbrella" }
    }
},
{
    "__comment": "base6*",
    "from": [ 1.7, 19.4, 1.7 ],
    "to": [ 3.8, 20.45, 3.8 ],
    "faces": {
        "down":  { "uv": [ 10.1, 6.6, 9.4, 5.9 ], "texture": "#umbrella" },
        "up":    { "uv": [ 5.9, 5.9, 6.6, 6.6 ], "texture": "#umbrella" },
        "north": { "uv": [ 9.4, 5.85, 10.1, 6.2 ], "texture": "#umbrella" },
        "south": { "uv": [ 5.9, 5.85, 6.6, 6.2 ], "texture": "#umbrella" },
        "west":  { "uv": [ 5.9, 5.85, 6.6, 6.2 ], "texture": "#umbrella" },
        "east":  { "uv": [ 9.4, 5.85, 10.1, 6.2 ], "texture": "#umbrella" }
    }
},
{
    "__comment": "base6*",
    "from": [ 3.8, 19.4, -2.5 ],
    "to": [ 12.2, 20.45, -0.4 ],
    "faces": {
        "down":  { "uv": [ 9.4, 5.2, 6.6, 4.5 ], "texture": "#umbrella" },
        "up":    { "uv": [ 6.6, 4.5, 9.4, 5.2 ], "texture": "#umbrella" },
        "north": { "uv": [ 6.6, 5.85, 9.4, 6.2 ], "texture": "#umbrella" },
        "south": { "uv": [ 6.6, 5.85, 9.4, 6.2 ], "texture": "#umbrella" },
        "west":  { "uv": [ 4.5, 5.85, 5.2, 6.2 ], "texture": "#umbrella" },
        "east":  { "uv": [ 10.8, 5.85, 11.5, 6.2 ], "texture": "#umbrella" }
    }
},
{
    "__comment": "base7*",
    "from": [ 5.9, 20.45, -0.4 ],
    "to": [ 10.1, 21.5, 1.7 ],
    "faces": {
        "down":  { "uv": [ 8.7, 5.9, 7.3, 5.2 ], "texture": "#umbrella" },
        "up":    { "uv": [ 7.3, 5.2, 8.7, 5.9 ], "texture": "#umbrella" },
        "north": { "uv": [ 7.3, 5.5, 8.7, 5.85 ], "texture": "#umbrella" },
        "south": { "uv": [ 7.3, 5.5, 8.7, 5.85 ], "texture": "#umbrella" },
        "west":  { "uv": [ 5.2, 5.5, 5.9, 5.85 ], "texture": "#umbrella" },
        "east":  { "uv": [ 10.1, 5.5, 10.8, 5.85 ], "texture": "#umbrella" }
    }
},
{
    "__comment": "base7*",
    "from": [ -0.4, 20.45, 5.9 ],
    "to": [ 1.7, 21.5, 10.1 ],
    "faces": {
        "down":  { "uv": [ 10.8, 8.7, 10.1, 7.3 ], "texture": "#umbrella" },
        "up":    { "uv": [ 5.2, 7.3, 5.9, 8.7 ], "texture": "#umbrella" },
        "north": { "uv": [ 10.1, 5.5, 10.8, 5.85 ], "texture": "#umbrella" },
        "south": { "uv": [ 5.2, 5.5, 5.9, 5.85 ], "texture": "#umbrella" },
        "west":  { "uv": [ 7.3, 5.5, 8.7, 5.85 ], "texture": "#umbrella" },
        "east":  { "uv": [ 7.3, 5.5, 8.7, 5.85 ], "texture": "#umbrella" }
    }
},
{
    "__comment": "base7*",
    "from": [ 12.2, 20.45, 3.8 ],
    "to": [ 14.3, 21.5, 12.2 ],
    "faces": {
        "down":  { "uv": [ 6.6, 9.4, 5.9, 6.6 ], "texture": "#umbrella" },
        "up":    { "uv": [ 9.4, 6.6, 10.1, 9.4 ], "texture": "#umbrella" },
        "north": { "uv": [ 5.9, 5.5, 6.6, 5.85 ], "texture": "#umbrella" },
        "south": { "uv": [ 9.4, 5.5, 10.1, 5.85 ], "texture": "#umbrella" },
        "west":  { "uv": [ 6.6, 5.5, 9.4, 5.85 ], "texture": "#umbrella" },
        "east":  { "uv": [ 6.6, 5.5, 9.4, 5.85 ], "texture": "#umbrella" }
    }
},
{
    "__comment": "base7*",
    "from": [ 5.9, 20.45, 14.3 ],
    "to": [ 10.1, 21.5, 16.4 ],
    "faces": {
        "down":  { "uv": [ 8.7, 10.8, 7.3, 10.1 ], "texture": "#umbrella" },
        "up":    { "uv": [ 7.3, 10.1, 8.7, 10.8 ], "texture": "#umbrella" },
        "north": { "uv": [ 7.3, 5.5, 8.7, 5.85 ], "texture": "#umbrella" },
        "south": { "uv": [ 7.3, 5.5, 8.7, 5.85 ], "texture": "#umbrella" },
        "west":  { "uv": [ 10.1, 5.5, 10.8, 5.85 ], "texture": "#umbrella" },
        "east":  { "uv": [ 5.2, 5.5, 5.9, 5.85 ], "texture": "#umbrella" }
    }
},
{
    "__comment": "base7*",
    "from": [ 3.8, 20.45, 12.2 ],
    "to": [ 12.2, 21.5, 14.3 ],
    "faces": {
        "down":  { "uv": [ 9.4, 10.1, 6.6, 9.4 ], "texture": "#umbrella" },
        "up":    { "uv": [ 6.6, 9.4, 9.4, 10.1 ], "texture": "#umbrella" },
        "north": { "uv": [ 6.6, 5.5, 9.4, 5.85 ], "texture": "#umbrella" },
        "south": { "uv": [ 6.6, 5.5, 9.4, 5.85 ], "texture": "#umbrella" },
        "west":  { "uv": [ 9.4, 5.5, 10.1, 5.85 ], "texture": "#umbrella" },
        "east":  { "uv": [ 5.9, 5.5, 6.6, 5.85 ], "texture": "#umbrella" }
    }
},
{
    "__comment": "base7*",
    "from": [ 3.8, 20.45, 1.7 ],
    "to": [ 12.2, 21.5, 3.8 ],
    "faces": {
        "down":  { "uv": [ 9.4, 6.6, 6.6, 5.9 ], "texture": "#umbrella" },
        "up":    { "uv": [ 6.6, 5.9, 9.4, 6.6 ], "texture": "#umbrella" },
        "north": { "uv": [ 6.6, 5.5, 9.4, 5.85 ], "texture": "#umbrella" },
        "south": { "uv": [ 6.6, 5.5, 9.4, 5.85 ], "texture": "#umbrella" },
        "west":  { "uv": [ 5.9, 5.5, 6.6, 5.85 ], "texture": "#umbrella" },
        "east":  { "uv": [ 9.4, 5.5, 10.1, 5.85 ], "texture": "#umbrella" }
    }
},
{
    "__comment": "base7*",
    "from": [ 14.3, 20.45, 5.9 ],
    "to": [ 16.4, 21.5, 10.1 ],
    "faces": {
        "down":  { "uv": [ 5.9, 8.7, 5.2, 7.3 ], "texture": "#umbrella" },
        "up":    { "uv": [ 10.1, 7.3, 10.8, 8.7 ], "texture": "#umbrella" },
        "north": { "uv": [ 5.2, 5.5, 5.9, 5.85 ], "texture": "#umbrella" },
        "south": { "uv": [ 10.1, 5.5, 10.8, 5.85 ], "texture": "#umbrella" },
        "west":  { "uv": [ 7.3, 5.5, 8.7, 5.85 ], "texture": "#umbrella" },
        "east":  { "uv": [ 7.3, 5.5, 8.7, 5.85 ], "texture": "#umbrella" }
    }
},
{
    "__comment": "base7*",
    "from": [ 1.7, 20.45, 3.8 ],
    "to": [ 3.8, 21.5, 12.2 ],
    "faces": {
        "down":  { "uv": [ 10.1, 9.4, 9.4, 6.6 ], "texture": "#umbrella" },
        "up":    { "uv": [ 5.9, 6.6, 6.6, 9.4 ], "texture": "#umbrella" },
        "north": { "uv": [ 9.4, 5.5, 10.1, 5.85 ], "texture": "#umbrella" },
        "south": { "uv": [ 5.9, 5.5, 6.6, 5.85 ], "texture": "#umbrella" },
        "west":  { "uv": [ 6.6, 5.5, 9.4, 5.85 ], "texture": "#umbrella" },
        "east":  { "uv": [ 6.6, 5.5, 9.4, 5.85 ], "texture": "#umbrella" }
    }
},
{
    "__comment": "base8*",
    "from": [ 5.9, 22.55, 5.9 ],
    "to": [ 10.1, 23.6, 10.1 ],
    "faces": {
        "down":  { "uv": [ 8.7, 8.7, 7.3, 7.3 ], "texture": "#umbrella" },
        "up":    { "uv": [ 7.3, 7.3, 8.7, 8.7 ], "texture": "#umbrella" },
        "north": { "uv": [ 7.3, 4.8, 8.7, 5.15 ], "texture": "#umbrella" },
        "south": { "uv": [ 7.3, 4.8, 8.7, 5.15 ], "texture": "#umbrella" },
        "west":  { "uv": [ 7.3, 4.8, 8.7, 5.15 ], "texture": "#umbrella" },
        "east":  { "uv": [ 7.3, 4.8, 8.7, 5.15 ], "texture": "#umbrella" }
    }
},
{
    "__comment": "base8*",
    "from": [ 3.8, 21.5, 3.8 ],
    "to": [ 12.2, 22.55, 12.2 ],
    "faces": {
        "down":  { "uv": [ 9.4, 9.4, 6.6, 6.6 ], "texture": "#umbrella" },
        "up":    { "uv": [ 6.6, 6.6, 9.4, 9.4 ], "texture": "#umbrella" },
        "north": { "uv": [ 6.6, 5.15, 9.4, 5.5 ], "texture": "#umbrella" },
        "south": { "uv": [ 6.6, 5.15, 9.4, 5.5 ], "texture": "#umbrella" },
        "west":  { "uv": [ 6.6, 5.15, 9.4, 5.5 ], "texture": "#umbrella" },
        "east":  { "uv": [ 6.6, 5.15, 9.4, 5.5 ], "texture": "#umbrella" }
    }
},
{
    "__comment": "axis1*",
    "from": [ 6.8125, -11, 6.8125 ],
    "to": [ 9.3125, -2, 9.3125 ],
    "faces": {
        "down":  { "uv": [ 0.6875, 0.6875, 0, 0 ], "texture": "#axis2" },
        "up":    { "uv": [ 0, 0, 0.6875, 0.6875 ], "texture": "#axis2" },
        "north": { "uv": [ 0, 0, 3.5, 16 ], "texture": "#axis2" },
        "south": { "uv": [ 0, 0, 3.5, 16 ], "texture": "#axis2" },
        "west":  { "uv": [ 0, 0, 3, 16 ], "texture": "#axis2" },
        "east":  { "uv": [ 0, 0, 3, 16 ], "texture": "#axis2" }
    }
}
],
"display": {
    "thirdperson": {
        "rotation": [ -167, 23, 0 ],
        "translation": [ 0.6, -5.3, -3.2 ],
        "scale": [ 0.8, 0.8, 0.8 ]
    },
    "fixed": {
        "rotation": [ 0, 0, 0 ],
        "translation": [ 0, 20, 18 ],
        "scale": [ 9, 9, 9 ]
    },
    "firstperson": {
        "rotation": [ 0, 0, 0 ],
        "translation": [ -4.3, 15, 4.6 ],
        "scale": [ 2, 2, 2 ]
    },
    "gui": {
        "rotation": [ 0, 0, 0 ],
        "translation": [ 0, 0, 0 ],
        "scale": [ 0.5, 0.5, 0.5 ]
    }
}
}