{
"__comment": "Designed by Jaba with BDcraft Cubik PRO 0.95 Beta - http://bdcraft.net",
"textures": {
    "particle": "blocks/mrsdnajabaparticle",
    "texture": "blocks/chuang"
},
"elements": [ 
{
    "from": [ 5, 7.5, 4.5 ],
    "to": [ 11, 13.5, 10.5 ],
    "rotation": { "origin": [ 5, 13.5, 4.5 ], "axis": "x", "angle": -22.5 },
    "faces": {
        "down":  { "uv": [ 16, 2, 14, 0 ], "rotation": 180, "texture": "#texture" },
        "up":    { "uv": [ 1, 0, 3, 2 ], "rotation": 180, "texture": "#texture" },
        "north": { "uv": [ 14, 0, 16, 2 ], "texture": "#texture" },
        "south": { "uv": [ 14, 0, 16, 2 ], "texture": "#texture" },
        "west":  { "uv": [ 12, 0, 14, 2 ], "rotation": 90, "texture": "#texture" },
        "east":  { "uv": [ 10, 0, 12, 2 ], "rotation": 270, "texture": "#texture" }
    }
},
{
    "from": [ 5.5, 8, -3.5 ],
    "to": [ 11.5, 11.5, 7 ],
    "faces": {
        "down":  { "uv": [ 8, 5, 6, 2 ], "rotation": 180, "texture": "#texture" },
        "up":    { "uv": [ 1, 2, 3, 5.5 ], "rotation": 180, "texture": "#texture" },
        "north": { "uv": [ 6, 2, 7, 5 ], "texture": "#texture" },
        "south": { "uv": [ 6, 2, 7, 5 ], "texture": "#texture" },
        "west":  { "uv": [ 6, 2, 7, 5 ], "texture": "#texture" },
        "east":  { "uv": [ 6, 2, 7, 5 ], "texture": "#texture" }
    }
},
{
    "from": [ 7.75, 9, -3 ],
    "to": [ 10.75, 12.5, 6.5 ],
    "rotation": { "origin": [ 7.75, 9, -3 ], "axis": "y", "angle": 22.5 },
    "faces": {
        "down":  { "uv": [ 10, 5, 9, 2 ], "rotation": 180, "texture": "#texture" },
        "up":    { "uv": [ 4, 2, 3, 5 ], "rotation": 180, "texture": "#texture" },
        "north": { "uv": [ 14, 0.5, 15, 1.5 ], "rotation": 90, "texture": "#texture" },
        "south": { "uv": [ 8, 2, 9, 3 ], "rotation": 90, "texture": "#texture" },
        "west":  { "uv": [ 10, 2, 9, 5 ], "texture": "#texture" },
        "east":  { "uv": [ 9, 2, 10, 5 ], "rotation": 270, "texture": "#texture" }
    }
},
{
    "from": [ 5.25, 9, -4 ],
    "to": [ 8.25, 12.5, 5.4999 ],
    "rotation": { "origin": [ 5.25, 9, -4 ], "axis": "y", "angle": -22.5 },
    "faces": {
        "down":  { "uv": [ 7, 1, 6, 0 ], "rotation": 180, "texture": "#texture" },
        "up":    { "uv": [ 1, 2, 0, 5 ], "rotation": 180, "texture": "#texture" },
        "north": { "uv": [ 9, 2, 10, 5 ], "texture": "#texture" },
        "south": { "uv": [ 6.5, 0, 7.5, 1 ], "texture": "#texture" },
        "west":  { "uv": [ 10, 2, 9, 5 ], "rotation": 90, "texture": "#texture" },
        "east":  { "uv": [ 9, 2, 10, 5 ], "rotation": 270, "texture": "#texture" }
    }
},
{
    "from": [ 8.5, 8, -13 ],
    "to": [ 11.5, 11, -3.5 ],
    "faces": {
        "down":  { "uv": [ 6, 4.5, 7, 8 ], "rotation": 180, "texture": "#texture" },
        "up":    { "uv": [ 1, 4.5, 2, 8 ], "rotation": 180, "texture": "#texture" },
        "north": { "uv": [ 7, 7, 8, 8 ], "texture": "#texture" },
        "south": { "uv": [ 6, 4.5, 7, 5.5 ], "texture": "#texture" },
        "west":  { "uv": [ 6, 5, 7, 8 ], "texture": "#texture" },
        "east":  { "uv": [ 6, 5, 7, 8 ], "texture": "#texture" }
    }
},
{
    "from": [ 5.5, 8, -13 ],
    "to": [ 8.5, 11, -3.5 ],
    "faces": {
        "down":  { "uv": [ 6, 5, 8, 8 ], "rotation": 180, "texture": "#texture" },
        "up":    { "uv": [ 6, 5, 8, 8 ], "rotation": 180, "texture": "#texture" },
        "north": { "uv": [ 7, 7, 8, 8 ], "texture": "#texture" },
        "south": { "uv": [ 6, 7, 7, 8 ], "texture": "#texture" },
        "west":  { "uv": [ 6, 4, 7, 5 ], "texture": "#texture" },
        "east":  { "uv": [ 6, 4, 7, 5 ], "texture": "#texture" }
    }
},
{
    "from": [ 0.5, 3.5, -15.5 ],
    "to": [ 15.5, 8, 14 ],
    "faces": {
        "down":  { "uv": [ 12, 8.5, 12.5, 9.5 ], "rotation": 180, "texture": "#texture" },
        "up":    { "uv": [ 10, 9, 12, 12.5 ], "rotation": 180, "texture": "#texture" },
        "north": { "uv": [ 12, 8, 13.5, 8.5 ], "texture": "#texture" },
        "south": { "uv": [ 12, 8.5, 12.5, 9 ], "texture": "#texture" },
        "west":  { "uv": [ 12, 8, 16, 8.5 ], "texture": "#texture" },
        "east":  { "uv": [ 16, 8, 12, 8.5 ], "texture": "#texture" }
    }
},
{
    "from": [ 0.5, 0, 13.5 ],
    "to": [ 2, 3.5, 15.5 ],
    "faces": {
        "down":  { "uv": [ 12, 8.5, 12.5, 9.5 ], "rotation": 180, "texture": "#texture" },
        "up":    { "uv": [ 12, 8.5, 12.5, 9.5 ], "rotation": 180, "texture": "#texture" },
        "north": { "uv": [ 12, 8.5, 12.5, 9.5 ], "texture": "#texture" },
        "south": { "uv": [ 12, 8.5, 12.5, 9.5 ], "texture": "#texture" },
        "west":  { "uv": [ 12, 8.5, 12.5, 9.5 ], "texture": "#texture" },
        "east":  { "uv": [ 12, 8.5, 12.5, 9.5 ], "texture": "#texture" }
    }
},
{
    "from": [ 14, 0, -15.5 ],
    "to": [ 15.5, 3.5, -13.5 ],
    "faces": {
        "down":  { "uv": [ 12, 8.5, 12.5, 9.5 ], "rotation": 180, "texture": "#texture" },
        "up":    { "uv": [ 12, 8.5, 12.5, 9.5 ], "rotation": 180, "texture": "#texture" },
        "north": { "uv": [ 12, 8.5, 12.5, 9.5 ], "texture": "#texture" },
        "south": { "uv": [ 12, 8.5, 12.5, 9.5 ], "texture": "#texture" },
        "west":  { "uv": [ 12, 8.5, 12.5, 9.5 ], "texture": "#texture" },
        "east":  { "uv": [ 12, 8.5, 12.5, 9.5 ], "texture": "#texture" }
    }
},
{
    "from": [ 14, 0, 13.5 ],
    "to": [ 15.5, 3.5, 15.5 ],
    "faces": {
        "down":  { "uv": [ 12, 8.5, 12.5, 10 ], "rotation": 180, "texture": "#texture" },
        "up":    { "uv": [ 12, 8.5, 12.5, 9.5 ], "rotation": 180, "texture": "#texture" },
        "north": { "uv": [ 12, 8.5, 12.5, 9.5 ], "texture": "#texture" },
        "south": { "uv": [ 12, 8.5, 12.5, 9.5 ], "texture": "#texture" },
        "west":  { "uv": [ 12, 8.5, 12.5, 9.5 ], "texture": "#texture" },
        "east":  { "uv": [ 12, 8.5, 12.5, 9.5 ], "texture": "#texture" }
    }
},
{
    "from": [ 0.5, 0, -15.5 ],
    "to": [ 2, 3.5, -13.5 ],
    "faces": {
        "down":  { "uv": [ 12, 8.5, 12.5, 9 ], "rotation": 180, "texture": "#texture" },
        "up":    { "uv": [ 12, 8.5, 12.5, 9 ], "rotation": 180, "texture": "#texture" },
        "north": { "uv": [ 12, 8.5, 12.5, 9 ], "texture": "#texture" },
        "south": { "uv": [ 12, 8.5, 12.5, 9 ], "texture": "#texture" },
        "west":  { "uv": [ 12, 8.5, 12.5, 9 ], "texture": "#texture" },
        "east":  { "uv": [ 12, 8.5, 12.5, 9 ], "texture": "#texture" }
    }
},
{
    "from": [ 3.5, 8, 6 ],
    "to": [ 13.5, 10, 13.5 ],
    "faces": {
        "down":  { "uv": [ 12, 6, 10, 5 ], "rotation": 180, "texture": "#texture" },
        "up":    { "uv": [ 10, 5, 12, 6 ], "rotation": 180, "texture": "#texture" },
        "north": { "uv": [ 10, 5.5, 12, 6 ], "texture": "#texture" },
        "south": { "uv": [ 10, 5.5, 12, 6 ], "texture": "#texture" },
        "west":  { "uv": [ 16, 8, 15, 8 ], "texture": "#texture" },
        "east":  { "uv": [ 16, 8, 15, 8 ], "texture": "#texture" }
    }
},
{
    "from": [ 0.75, 6.8125, -14.25 ],
    "to": [ 6.75, 7.8125, 2.25 ],
    "rotation": { "origin": [ 0.75, 7.8125, -14.25 ], "axis": "z", "angle": 45 },
    "faces": {
        "down":  { "uv": [ 10, 7, 12, 9 ], "rotation": 180, "texture": "#texture" },
        "up":    { "uv": [ 10.5, 7, 11.5, 9 ], "rotation": 180, "texture": "#texture" },
        "north": { "uv": [ 10.5, 7.5, 10.5, 7.5 ], "texture": "#texture" },
        "south": { "uv": [ 10, 7, 12, 9 ], "texture": "#texture" },
        "west":  { "uv": [ 10, 7, 12, 9 ], "texture": "#texture" },
        "east":  { "uv": [ 10, 7, 12, 9 ], "texture": "#texture" }
    }
},
{
    "from": [ 11, 11.0625, -14.25 ],
    "to": [ 17, 12.0625, 2.25 ],
    "rotation": { "origin": [ 11, 12.0625, -14.25 ], "axis": "z", "angle": -45 },
    "faces": {
        "down":  { "uv": [ 10, 7, 12, 9 ], "rotation": 180, "texture": "#texture" },
        "up":    { "uv": [ 10.5, 7, 11.5, 9 ], "rotation": 180, "texture": "#texture" },
        "north": { "uv": [ 10.5, 7.5, 10.5, 7.5 ], "texture": "#texture" },
        "south": { "uv": [ 10.5, 7.5, 11, 7.5 ], "texture": "#texture" },
        "west":  { "uv": [ 10.5, 7, 11.5, 8.5 ], "texture": "#texture" },
        "east":  { "uv": [ 10.5, 7, 11.5, 8.5 ], "texture": "#texture" }
    }
},
{
    "from": [ 5, 11.0625, -14.25 ],
    "to": [ 11, 12.0625, 2.25 ],
    "faces": {
        "down":  { "uv": [ 10.5, 7, 11.5, 9 ], "rotation": 180, "texture": "#texture" },
        "up":    { "uv": [ 10.5, 7, 11.5, 9 ], "rotation": 180, "texture": "#texture" },
        "north": { "uv": [ 10.5, 7, 10.5, 7 ], "texture": "#texture" },
        "south": { "uv": [ 10.5, 7, 10.5, 7 ], "texture": "#texture" },
        "west":  { "uv": [ 10.5, 7, 11, 8.5 ], "texture": "#texture" },
        "east":  { "uv": [ 10.5, 7, 11, 8.5 ], "texture": "#texture" }
    }
},
{
    "from": [ 0.5, 8, 14 ],
    "to": [ 15.5, 9.5, 15.5 ],
    "faces": {
        "down":  { "uv": [ 12, 8.5, 15, 8.5 ], "rotation": 180, "texture": "#texture" },
        "up":    { "uv": [ 12, 8.5, 15, 8.5 ], "rotation": 180, "texture": "#texture" },
        "north": { "uv": [ 12, 8.5, 13.5, 8.5 ], "texture": "#texture" },
        "south": { "uv": [ 12, 8.5, 13.5, 8.5 ], "texture": "#texture" },
        "west":  { "uv": [ 12, 8.5, 12.5, 9 ], "texture": "#texture" },
        "east":  { "uv": [ 12, 8.5, 12.5, 9 ], "texture": "#texture" }
    }
},
{
    "from": [ 0.5, 3.5, 14 ],
    "to": [ 15.5, 8, 15.5 ],
    "faces": {
        "down":  { "uv": [ 12, 8.5, 16, 8.5 ], "rotation": 180, "texture": "#texture" },
        "up":    { "uv": [ 12, 8.5, 16, 8.5 ], "rotation": 180, "texture": "#texture" },
        "north": { "uv": [ 12, 8.5, 12.5, 9.5 ], "texture": "#texture" },
        "south": { "uv": [ 12, 8.5, 12.5, 9.5 ], "rotation": 90, "texture": "#texture" },
        "west":  { "uv": [ 12, 8.5, 12.5, 9.5 ], "texture": "#texture" },
        "east":  { "uv": [ 12, 8.5, 12.5, 9.5 ], "texture": "#texture" }
    }
},
{
    "from": [ 4.5, 7, 4 ],
    "to": [ 11.5, 14, 11 ],
    "rotation": { "origin": [ 4.5, 14, 4 ], "axis": "x", "angle": -22.5 },
    "faces": {
        "down":  { "uv": [ 8, 12, 6, 10 ], "rotation": 180, "texture": "#texture" },
        "up":    { "uv": [ 2, 10, 4, 12 ], "rotation": 180, "texture": "#texture" },
        "north": { "uv": [ 13.5, 4, 15.5, 6 ], "texture": "#texture" },
        "south": { "uv": [ 2, 8, 4, 10 ], "rotation": 180, "texture": "#texture" },
        "west":  { "uv": [ 6, 12, 4, 10 ], "texture": "#texture" },
        "east":  { "uv": [ 0, 10, 2, 12 ], "rotation": 270, "texture": "#texture" }
    }
}
]
}