{
    "__comment": "Model created by Hampacks",
    "textures": {
        "particle": "minecraft:blocks/planks_oak",
        "planks_oak": "minecraft:blocks/planks_oak"
    },
    "display": {
        "gui": {
            "rotation": [ 30, 45, 0 ],
            "translation": [ 0, 0, 0 ],
            "scale": [ 0.625, 0.625, 0.625 ]
        },
        "ground": {
            "rotation": [ 0, 0, 0 ],
            "translation": [ 0, 3, 0 ],
            "scale": [ 0.25, 0.25, 0.25 ]
        },
        "fixed": {
            "rotation": [ 0, 180, 0 ],
            "translation": [ 0, 0, 0 ],
            "scale": [ 1, 1, 1 ]
        },
        "head": {
            "rotation": [ 0, 180, 0 ],
            "translation": [ 0, 0, 0 ],
            "scale": [ 1, 1, 1 ]
        },
        "firstperson_righthand": {
            "rotation": [ 0, 315, 0 ],
            "translation": [ 0, 2.5, 0 ],
            "scale": [ 0.4, 0.4, 0.4 ]
        },
        "thirdperson_righthand": {
            "rotation": [ 75, 315, 0 ],
            "translation": [ 0, 2.5, 0 ],
            "scale": [ 0.375, 0.375, 0.375 ]
        }
    },
    "elements": [
        {
            "name": "Cube",
            "from": [ 0, 0, 14 ], 
            "to": [ 16, 2, 16 ], 
            "faces": {
                "north": { "texture": "#planks_oak", "uv": [ 0, 9, 16, 11 ] },
                "east": { "texture": "#planks_oak", "uv": [ 4, 5, 6, 7 ] },
                "south": { "texture": "#planks_oak", "uv": [ 0, 8, 16, 10 ] },
                "west": { "texture": "#planks_oak", "uv": [ 0, 0, 2, 2 ] },
                "up": { "texture": "#planks_oak", "uv": [ 0, 5, 16, 7 ] },
                "down": { "texture": "#planks_oak", "uv": [ 0, 0, 16, 2 ] }
            }
        },
        {
            "name": "Cube",
            "from": [ 0, 4, 14 ], 
            "to": [ 16, 6, 16 ], 
            "faces": {
                "north": { "texture": "#planks_oak", "uv": [ 0, 13, 16, 15 ] },
                "east": { "texture": "#planks_oak", "uv": [ 4, 5, 6, 7 ] },
                "south": { "texture": "#planks_oak", "uv": [ 0, 5, 16, 7 ] },
                "west": { "texture": "#planks_oak", "uv": [ 0, 0, 2, 2 ] },
                "up": { "texture": "#planks_oak", "uv": [ 0, 5, 16, 7 ] },
                "down": { "texture": "#planks_oak", "uv": [ 0, 0, 16, 2 ] }
            }
        },
        {
            "name": "Cube",
            "from": [ 0, 8, 14 ], 
            "to": [ 16, 10, 16 ], 
            "faces": {
                "north": { "texture": "#planks_oak", "uv": [ 0, 5, 16, 7 ] },
                "east": { "texture": "#planks_oak", "uv": [ 4, 5, 6, 7 ] },
                "south": { "texture": "#planks_oak", "uv": [ 0, 5, 16, 7 ] },
                "west": { "texture": "#planks_oak", "uv": [ 0, 0, 2, 2 ] },
                "up": { "texture": "#planks_oak", "uv": [ 0, 5, 16, 7 ] },
                "down": { "texture": "#planks_oak", "uv": [ 0, 0, 16, 2 ] }
            }
        },
        {
            "name": "Cube",
            "from": [ 0, 12, 14 ], 
            "to": [ 16, 14, 16 ], 
            "faces": {
                "north": { "texture": "#planks_oak", "uv": [ 0, 9, 16, 11 ] },
                "east": { "texture": "#planks_oak", "uv": [ 4, 5, 6, 7 ] },
                "south": { "texture": "#planks_oak", "uv": [ 0, 5, 16, 7 ] },
                "west": { "texture": "#planks_oak", "uv": [ 0, 0, 2, 2 ] },
                "up": { "texture": "#planks_oak", "uv": [ 0, 5, 16, 7 ] },
                "down": { "texture": "#planks_oak", "uv": [ 0, 0, 16, 2 ] }
            }
        },
        {
            "name": "Cube",
            "from": [ 1, -1, 15 ], 
            "to": [ 3, 16, 16 ], 
            "faces": {
                "north": { "texture": "#planks_oak", "uv": [ 0, 0, 2, 16 ] },
                "east": { "texture": "#planks_oak", "uv": [ 0, 0, 1, 16 ] },
                "south": { "texture": "#planks_oak", "uv": [ 0, 0, 2, 16 ] },
                "west": { "texture": "#planks_oak", "uv": [ 0, 0, 1, 16 ] },
                "up": { "texture": "#planks_oak", "uv": [ 0, 0, 2, 1 ] },
                "down": { "texture": "#planks_oak", "uv": [ 0, 0, 2, 1 ] }
            }
        },
        {
            "name": "Cube",
            "from": [ 13, -1, 15 ], 
            "to": [ 15, 16, 16 ], 
            "faces": {
                "north": { "texture": "#planks_oak", "uv": [ 0, 0, 2, 16 ] },
                "east": { "texture": "#planks_oak", "uv": [ 0, 0, 1, 16 ] },
                "south": { "texture": "#planks_oak", "uv": [ 0, 0, 2, 16 ] },
                "west": { "texture": "#planks_oak", "uv": [ 0, 0, 1, 16 ] },
                "up": { "texture": "#planks_oak", "uv": [ 0, 0, 2, 1 ] },
                "down": { "texture": "#planks_oak", "uv": [ 0, 0, 2, 1 ] }
            }
        }
    ]
}